task_id,revealed_at,first_assigned_at,picked_up_at,completed_at,first_agent,reassignments,pickup_distance_at_assignment,pickup_local_degree,first_hop_local_degree,first_hop_opposing_flow,first_hop_vertex_flow,service_shortest_distance,empty_distance,loaded_distance,empty_wait_steps,loaded_wait_steps,active_wait_steps,assignment_wait,pickup_wait,completion_time,loaded_detour_ratio
0,0,1,1,12,26,0,0,4,-1,-1,-1,11,0,11,0,0,0,1,1,12,1.000000
1,0,1,1,26,58,0,0,4,-1,-1.000000,-1.000000,25,0,25,0,0,0,1,1,26,1.000000
2,0,1,4,13,33,0,3,3,4,0.000000,0.000000,9,3,9,0,0,0,1,4,13,1.000000
3,0,1,1,29,8,0,0,3,-1,-1.000000,-1.000000,28,0,28,0,0,0,1,1,29,1.000000
4,0,1,11,23,29,1,8,3,4,0.000000,0.000000,12,10,12,0,0,0,1,11,23,1.000000
5,1,2,2,23,32,0,0,4,-1,-1.000000,-1.000000,21,0,21,0,0,0,1,1,22,1.000000
6,1,2,10,29,14,1,7,3,3,0.000000,0.000000,19,8,19,0,0,0,1,9,28,1.000000
7,1,2,14,46,79,7,7,3,3,0.000000,0.000000,25,12,31,0,1,1,1,13,45,1.240000
8,1,2,6,41,13,1,5,3,3,0.000000,0.000000,19,4,35,0,0,0,1,5,40,1.842105
9,1,2,4,20,25,1,4,3,3,0.000000,0.000000,16,2,16,0,0,0,1,3,19,1.000000
10,2,3,13,29,44,2,7,3,4,0.000000,0.000000,13,10,15,0,1,1,1,11,27,1.153846
11,2,3,8,14,52,2,6,3,4,0.000000,0.000000,4,4,6,1,0,1,1,6,12,1.500000
12,2,3,10,43,63,1,4,3,4,0.000000,0.000000,27,7,33,0,0,0,1,8,41,1.222222
13,2,3,4,31,46,0,1,4,4,0.000000,0.000000,27,1,27,0,0,0,1,2,29,1.000000
14,2,3,28,55,79,8,7,3,3,0.000000,1.000000,12,25,26,0,1,1,1,26,53,2.166667
15,3,4,5,28,21,0,1,4,4,0.000000,0.000000,21,1,23,0,0,0,1,2,25,1.095238
16,3,4,37,50,30,7,9,3,3,0.000000,0.000000,12,16,12,0,1,1,1,34,47,1.000000
17,3,4,15,20,40,1,9,3,4,0.000000,0.000000,4,11,4,0,1,1,1,12,17,1.000000
18,3,4,14,31,20,1,7,3,4,0.000000,0.000000,16,10,16,0,1,1,1,11,28,1.000000
19,3,4,10,27,51,1,8,3,4,0.000000,0.000000,14,6,16,0,1,1,1,7,24,1.142857
20,4,5,72,98,47,6,10,3,4,0.000000,0.000000,26,14,26,0,0,0,1,68,94,1.000000
21,4,5,9,21,31,1,8,3,4,0.000000,0.000000,12,4,12,0,0,0,1,5,17,1.000000
22,4,5,6,29,16,0,1,4,4,0.000000,0.000000,21,1,23,0,0,0,1,2,25,1.095238
23,4,5,5,33,52,0,0,4,-1,-1.000000,-1.000000,28,0,28,0,0,0,1,1,29,1.000000
24,4,5,8,13,77,1,6,3,3,0.000000,1.000000,5,3,5,0,0,0,1,4,9,1.000000
25,5,6,6,37,76,0,0,3,-1,-1.000000,-1.000000,29,0,31,0,0,0,1,1,32,1.068966
26,5,6,13,48,6,1,10,3,3,0.000000,0.000000,30,7,34,0,1,1,1,8,43,1.133333
27,5,6,19,40,43,7,13,3,4,0.000000,0.000000,12,12,18,1,3,4,1,14,35,1.500000
28,5,6,13,31,37,4,8,3,4,0.000000,1.000000,12,7,18,0,0,0,1,8,26,1.500000
29,5,6,6,15,59,0,0,4,-1,-1.000000,-1.000000,9,0,9,0,0,0,1,1,10,1.000000
30,6,7,9,43,36,0,2,4,4,0.000000,0.000000,31,2,33,0,1,1,1,3,37,1.064516
31,6,7,25,52,43,2,12,3,3,0.000000,0.000000,15,17,27,1,0,1,1,19,46,1.800000
32,6,7,10,24,41,0,3,3,3,0.000000,0.000000,12,3,14,0,0,0,1,4,18,1.166667
33,6,7,11,33,56,0,4,3,4,0.000000,1.000000,20,4,22,0,0,0,1,5,27,1.100000
34,6,7,9,47,18,0,2,4,4,0.000000,0.000000,34,2,38,0,0,0,1,3,41,1.117647
35,7,8,17,21,71,2,9,3,3,0.000000,0.000000,4,9,4,0,0,0,1,10,14,1.000000
36,7,8,8,37,9,0,0,3,-1,-1.000000,-1.000000,23,0,29,0,0,0,1,1,30,1.260870
37,7,8,8,22,79,0,0,3,-1,-1.000000,-1.000000,14,0,14,0,0,0,1,1,15,1.000000
38,7,8,8,28,62,0,0,4,-1,-1.000000,-1.000000,18,0,20,0,0,0,1,1,21,1.111111
39,7,8,156,187,22,9,10,3,4,0.000000,0.000000,25,18,29,2,2,4,1,149,180,1.160000
40,8,9,9,36,72,0,0,3,-1,-1.000000,-1.000000,21,0,27,0,0,0,1,1,28,1.285714
41,8,9,20,45,77,3,2,3,4,0.000000,3.000000,21,11,25,0,0,0,1,12,37,1.190476
42,8,9,11,36,75,0,2,3,3,0.000000,1.000000,20,2,24,0,1,1,1,3,28,1.200000
43,8,9,9,47,45,0,0,4,-1,-1.000000,-1.000000,36,0,38,0,0,0,1,1,39,1.055556
44,8,9,17,34,27,0,8,3,4,0.000000,0.000000,17,8,17,0,0,0,1,9,26,1.000000
45,9,10,14,60,12,0,4,3,3,1.000000,1.000000,23,4,45,0,1,1,1,5,51,1.956522
46,9,10,29,35,38,7,15,3,4,0.000000,0.000000,4,13,6,2,0,2,1,20,26,1.500000
47,9,10,10,24,37,0,0,3,-1,-1.000000,-1.000000,12,0,14,0,0,0,1,1,15,1.166667
48,9,10,18,43,64,3,10,3,4,0.000000,1.000000,17,8,25,0,0,0,1,9,34,1.470588
49,9,10,50,58,28,3,4,4,4,0.000000,0.000000,8,8,8,0,0,0,1,41,49,1.000000
50,10,11,13,31,49,0,2,4,4,0.000000,0.000000,15,2,17,0,1,1,1,3,21,1.133333
51,10,11,14,59,39,3,5,4,4,0.000000,1.000000,41,3,45,0,0,0,1,4,49,1.097561
52,10,11,14,41,34,2,6,3,4,0.000000,0.000000,23,3,27,0,0,0,1,4,31,1.173913
53,10,11,13,50,15,0,2,4,4,1.000000,1.000000,33,2,37,0,0,0,1,3,40,1.121212
54,10,11,12,37,53,0,1,3,3,0.000000,1.000000,14,1,24,0,1,1,1,2,27,1.714286
55,11,12,16,49,54,1,12,3,4,0.000000,0.000000,18,4,32,0,1,1,1,5,38,1.777778
56,11,12,15,36,61,0,3,4,4,0.000000,0.000000,21,3,21,0,0,0,1,4,25,1.000000
57,11,12,14,48,39,1,5,4,4,0.000000,1.000000,32,2,34,0,0,0,1,3,37,1.062500
58,11,12,16,30,35,0,4,4,4,0.000000,1.000000,12,4,14,0,0,0,1,5,19,1.166667
59,11,12,13,45,57,0,1,4,4,0.000000,0.000000,32,1,32,0,0,0,1,2,34,1.000000
60,12,13,20,31,55,1,8,3,4,0.000000,0.000000,11,7,11,0,0,0,1,8,19,1.000000
61,12,13,60,81,73,5,13,3,3,0.000000,0.000000,19,11,21,0,0,0,1,48,69,1.105263
62,12,13,30,53,50,2,11,3,4,0.000000,1.000000,19,7,23,0,0,0,1,18,41,1.210526
63,12,13,16,35,24,1,1,4,4,0.000000,0.000000,13,3,19,0,0,0,1,4,23,1.461538
64,12,13,30,34,64,4,10,3,4,0.000000,1.000000,4,9,4,1,0,1,1,18,22,1.000000
65,13,14,19,41,42,2,2,4,4,1.000000,2.000000,20,4,22,1,0,1,1,6,28,1.100000
66,13,14,20,39,23,3,3,4,4,0.000000,1.000000,17,6,17,0,2,2,1,7,26,1.000000
67,13,14,40,65,5,3,21,3,3,0.000000,0.000000,15,5,23,0,2,2,1,27,52,1.533333
68,13,14,15,43,44,0,1,3,3,0.000000,1.000000,17,1,27,0,1,1,1,2,30,1.588235
69,13,14,76,102,11,1,15,3,3,0.000000,1.000000,21,4,25,0,1,1,1,63,89,1.190476
70,14,15,23,64,68,4,5,4,4,0.000000,0.000000,27,8,39,0,2,2,1,9,50,1.444444
71,14,15,19,28,69,0,4,3,4,0.000000,1.000000,7,4,9,0,0,0,1,5,14,1.285714
72,14,15,155,188,42,5,6,4,4,2.000000,2.000000,29,8,33,0,0,0,1,141,174,1.137931
73,14,15,16,33,17,0,1,4,4,0.000000,0.000000,17,1,17,0,0,0,1,2,19,1.000000
74,14,15,22,58,50,2,4,4,4,0.000000,0.000000,29,7,35,0,1,1,1,8,44,1.206897
75,15,16,17,23,38,0,1,3,3,1.000000,2.000000,6,1,6,0,0,0,1,2,8,1.000000
76,15,16,19,29,55,1,6,4,4,0.000000,0.000000,10,3,10,0,0,0,1,4,14,1.000000
77,15,16,132,165,5,2,18,3,4,0.000000,3.000000,15,9,33,0,0,0,1,117,150,2.200000
78,15,16,27,51,11,1,16,4,3,0.000000,1.000000,21,4,23,0,1,1,1,12,36,1.095238
79,15,16,20,42,31,0,4,3,3,0.000000,1.000000,17,4,21,0,1,1,1,5,27,1.235294
80,16,17,29,49,65,5,22,3,3,0.000000,0.000000,13,7,19,0,1,1,1,13,33,1.461538
81,16,17,159,203,55,6,12,4,4,0.000000,0.000000,36,13,44,0,0,0,1,143,187,1.222222
82,16,17,18,64,64,0,1,3,3,0.000000,0.000000,37,1,45,0,1,1,1,2,48,1.216216
83,16,17,17,51,39,0,0,4,-1,-1.000000,-1.000000,34,0,34,0,0,0,1,1,35,1.000000
84,16,17,30,54,1,5,16,3,4,0.000000,1.000000,18,13,24,0,0,0,1,14,38,1.333333
85,17,18,23,49,48,0,3,3,3,1.000000,1.000000,25,2,25,0,1,1,1,6,32,1.000000
86,17,18,22,30,54,0,4,4,4,0.000000,1.000000,8,4,8,0,0,0,1,5,13,1.000000
87,17,18,58,65,2,0,23,3,4,0.000000,0.000000,6,1,6,0,1,1,1,41,48,1.000000
88,17,18,40,61,5,2,15,3,4,1.000000,2.000000,15,5,21,0,0,0,1,23,44,1.400000
89,17,18,21,56,1,2,6,4,4,0.000000,1.000000,33,3,35,0,0,0,1,4,39,1.060606
90,18,19,25,54,4,2,5,4,4,0.000000,2.000000,29,6,29,0,0,0,1,7,36,1.000000
91,18,19,21,47,1,0,2,4,4,1.000000,2.000000,23,2,23,0,3,3,1,3,29,1.000000
92,18,19,19,34,48,0,0,3,-1,-1.000000,-1.000000,15,0,15,0,0,0,1,1,16,1.000000
93,18,19,22,43,10,0,2,3,3,0.000000,1.000000,18,2,20,1,1,2,1,4,25,1.111111
94,18,19,25,58,65,1,10,4,4,0.000000,1.000000,29,6,33,0,0,0,1,7,40,1.137931
95,19,27,27,44,58,0,0,3,-1,-1.000000,-1.000000,15,0,17,0,0,0,8,8,25,1.133333
96,19,32,36,53,63,0,4,3,3,0.000000,0.000000,17,4,17,0,0,0,13,17,34,1.000000
97,19,20,20,43,24,0,0,3,-1,-1.000000,-1.000000,18,0,22,0,1,1,1,1,24,1.222222
98,19,20,27,41,0,1,5,4,4,0.000000,0.000000,14,7,14,0,0,0,1,8,22,1.000000
99,19,20,35,58,7,1,12,3,3,1.000000,1.000000,23,5,23,1,0,1,1,16,39,1.000000
100,20,21,37,52,51,0,5,3,4,1.000000,3.000000,15,3,15,1,0,1,1,17,32,1.000000
101,20,54,54,72,6,0,0,3,-1,-1.000000,-1.000000,13,0,17,0,1,1,34,34,52,1.307692
102,20,21,27,48,67,1,8,3,4,0.000000,0.000000,19,5,21,1,0,1,1,7,28,1.105263
103,20,21,25,28,23,1,7,3,3,1.000000,1.000000,3,2,3,0,0,0,1,5,8,1.000000
104,20,84,85,106,8,0,1,3,3,0.000000,1.000000,12,1,20,0,1,1,64,65,86,1.666667
105,21,31,32,57,35,0,1,3,3,2.000000,2.000000,22,1,24,0,1,1,10,11,36,1.090909
106,21,22,59,90,5,1,4,3,4,0.000000,2.000000,25,3,31,0,0,0,1,38,69,1.240000
107,21,22,27,47,7,2,10,3,3,0.000000,1.000000,18,5,20,0,0,0,1,6,26,1.111111
108,21,22,22,63,70,0,0,3,-1,-1.000000,-1.000000,19,0,39,0,2,2,1,1,42,2.052632
109,21,36,36,59,11,0,0,3,-1,-1.000000,-1.000000,19,0,23,0,0,0,15,15,38,1.210526
110,22,23,50,90,65,0,6,4,4,0.000000,2.000000,33,5,39,0,1,1,1,28,68,1.181818
111,22,23,24,45,51,1,1,3,3,0.000000,2.000000,17,0,17,1,4,5,1,2,23,1.000000
112,22,23,50,80,79,0,9,3,4,1.000000,3.000000,20,5,30,0,0,0,1,28,58,1.500000
113,22,23,23,60,73,0,0,3,-1,-1.000000,-1.000000,24,0,36,0,1,1,1,1,38,1.500000
114,22,23,31,45,66,1,5,3,4,1.000000,2.000000,13,6,13,1,1,2,1,9,23,1.000000
115,23,24,26,37,38,0,2,3,3,0.000000,0.000000,11,2,11,0,0,0,1,3,14,1.000000
116,23,24,92,101,32,0,4,3,3,2.000000,2.000000,9,6,9,0,0,0,1,69,78,1.000000
117,23,75,75,105,43,0,0,3,-1,-1.000000,-1.000000,28,0,30,0,0,0,52,52,82,1.071429
118,23,122,123,151,79,0,1,3,3,1.000000,1.000000,19,1,27,0,1,1,99,100,128,1.421053
119,23,87,89,112,29,0,2,3,4,0.000000,1.000000,23,2,23,0,0,0,64,66,89,1.000000
120,24,79,79,95,70,0,0,4,-1,-1.000000,-1.000000,14,0,14,0,2,2,55,55,71,1.000000
121,24,25,27,48,23,0,2,3,4,3.000000,3.000000,12,2,20,0,1,1,1,3,24,1.666667
122,24,140,140,170,70,0,0,4,-1,-1.000000,-1.000000,27,0,29,0,1,1,116,116,146,1.074074
123,24,25,25,49,2,0,0,3,-1,-1.000000,-1.000000,20,0,24,0,0,0,1,1,25,1.200000
124,24,30,43,62,16,0,9,3,3,0.000000,2.000000,19,3,19,0,0,0,6,19,38,1.000000
125,25,52,53,73,39,0,1,4,4,0.000000,2.000000,14,1,20,0,0,0,27,28,48,1.428571
126,25,26,28,47,51,0,2,3,3,1.000000,3.000000,16,2,18,0,1,1,1,3,22,1.125000
127,25,32,35,53,6,0,1,3,3,2.000000,2.000000,16,3,18,0,0,0,7,10,28,1.125000
128,25,29,32,42,62,0,3,4,4,0.000000,0.000000,9,3,9,0,1,1,4,7,17,1.000000
129,25,26,29,34,66,0,3,4,4,0.000000,1.000000,5,3,5,0,0,0,1,4,9,1.000000
130,26,97,97,122,60,0,0,4,-1,-1.000000,-1.000000,23,0,25,0,0,0,71,71,96,1.086957
131,26,55,55,84,33,0,0,3,-1,-1.000000,-1.000000,22,0,28,0,1,1,29,29,58,1.272727
132,26,35,48,63,47,0,4,3,4,0.000000,1.000000,14,3,14,0,1,1,9,22,37,1.000000
133,26,146,164,198,66,8,15,3,3,1.000000,2.000000,32,17,34,1,0,1,120,138,172,1.062500
134,26,27,33,45,79,1,2,3,4,0.000000,3.000000,6,5,10,1,2,3,1,7,19,1.666667
135,27,30,30,39,13,0,0,3,-1,-1.000000,-1.000000,9,0,9,0,0,0,3,3,12,1.000000
136,27,31,31,78,54,0,0,4,-1,-1.000000,-1.000000,37,0,47,0,0,0,4,4,51,1.270270
137,27,34,36,41,17,0,2,4,4,0.000000,1.000000,5,2,5,0,0,0,7,9,14,1.000000
138,27,28,28,42,65,0,0,4,-1,-1.000000,-1.000000,14,0,14,0,0,0,1,1,15,1.000000
139,27,29,29,47,21,0,0,3,-1,-1.000000,-1.000000,14,0,16,0,2,2,2,2,20,1.142857
140,28,30,32,49,50,0,2,3,4,0.000000,1.000000,11,2,17,0,0,0,2,4,21,1.545455
141,28,96,97,120,47,0,1,3,3,2.000000,2.000000,17,1,21,0,2,2,68,69,92,1.235294
142,28,29,30,59,79,0,1,3,3,0.000000,2.000000,23,1,29,0,0,0,1,2,31,1.260870
143,28,36,36,66,47,0,0,3,-1,-1.000000,-1.000000,25,0,29,0,1,1,8,8,38,1.160000
144,28,38,39,56,53,0,1,3,3,0.000000,3.000000,17,1,17,0,0,0,10,11,28,1.000000
145,29,118,118,139,51,0,0,4,-1,-1.000000,-1.000000,21,0,21,0,0,0,89,89,110,1.000000
146,29,58,58,98,35,0,0,4,-1,-1.000000,-1.000000,38,0,40,0,0,0,29,29,69,1.052632
147,29,33,34,51,26,0,1,3,3,0.000000,2.000000,17,1,17,0,0,0,4,5,22,1.000000
148,29,35,36,49,27,0,1,4,4,0.000000,1.000000,13,1,13,0,0,0,6,7,20,1.000000
149,29,43,46,67,31,0,2,4,4,0.000000,2.000000,13,2,21,1,0,1,14,17,38,1.615385
150,30,42,42,76,16,0,0,4,-1,-1.000000,-1.000000,31,0,33,0,1,1,12,12,46,1.064516
151,30,46,50,72,74,1,3,4,4,1.000000,1.000000,20,3,22,1,0,1,16,20,42,1.100000
152,30,37,37,54,72,0,0,3,-1,-1.000000,-1.000000,11,0,17,0,0,0,7,7,24,1.545455
153,30,32,34,61,46,0,2,4,4,1.000000,2.000000,27,2,27,0,0,0,2,4,31,1.000000
154,30,124,146,156,9,2,6,3,3,0.000000,2.000000,9,6,9,2,1,3,94,116,126,1.000000
155,31,49,51,80,24,0,2,3,4,0.000000,1.000000,25,2,29,0,0,0,18,20,49,1.160000
156,31,94,94,108,24,0,0,3,-1,-1.000000,-1.000000,12,0,14,0,0,0,63,63,77,1.166667
157,31,32,43,80,16,0,4,4,3,0.000000,1.000000,28,9,36,0,1,1,1,12,49,1.285714
158,31,73,74,89,6,0,1,3,3,0.000000,1.000000,15,1,15,0,0,0,42,43,58,1.000000
159,31,50,50,89,37,0,0,4,-1,-1.000000,-1.000000,39,0,39,0,0,0,19,19,58,1.000000
160,32,41,41,74,43,0,0,3,-1,-1.000000,-1.000000,25,0,33,0,0,0,9,9,42,1.320000
161,32,150,164,203,51,7,7,4,4,0.000000,1.000000,37,13,39,1,0,1,118,132,171,1.054054
162,32,44,44,62,36,0,0,3,-1,-1.000000,-1.000000,12,0,16,0,2,2,12,12,30,1.333333
163,32,35,35,57,48,0,0,3,-1,-1.000000,-1.000000,19,0,21,0,1,1,3,3,25,1.105263
164,32,46,50,96,57,0,4,4,4,0.000000,1.000000,46,4,46,0,0,0,14,18,64,1.000000
165,33,36,38,80,66,0,2,4,4,0.000000,2.000000,42,2,42,0,0,0,3,5,47,1.000000
166,33,124,126,161,39,0,2,3,4,2.000000,5.000000,32,2,34,0,1,1,91,93,128,1.062500
167,33,34,34,70,52,0,0,4,-1,-1.000000,-1.000000,33,0,35,0,1,1,1,1,37,1.060606
168,33,56,57,83,13,0,1,3,3,1.000000,1.000000,24,1,26,0,0,0,23,24,50,1.083333
169,33,35,37,80,66,1,3,4,4,0.000000,1.000000,32,2,42,0,1,1,2,4,47,1.312500
170,34,38,38,70,76,0,0,4,-1,-1.000000,-1.000000,29,0,31,0,1,1,4,4,36,1.068966
171,34,35,35,41,16,0,0,4,-1,-1.000000,-1.000000,5,0,5,0,1,1,1,1,7,1.000000
172,34,47,48,74,78,0,1,4,4,0.000000,1.000000,24,1,24,0,2,2,13,14,40,1.000000
173,34,35,52,75,56,1,7,3,3,1.000000,1.000000,17,7,23,1,0,1,1,18,41,1.352941
174,34,65,65,97,67,0,0,4,-1,-1.000000,-1.000000,30,0,32,0,0,0,31,31,63,1.066667
175,35,53,113,131,29,0,1,3,3,2.000000,2.000000,17,2,17,0,1,1,18,78,96,1.000000
176,35,38,40,48,9,0,2,3,3,0.000000,2.000000,8,2,8,0,0,0,3,5,13,1.000000
177,35,49,51,69,28,0,2,4,4,0.000000,1.000000,17,2,17,0,1,1,14,16,34,1.000000
178,35,48,50,86,51,0,2,4,4,0.000000,1.000000,32,2,36,0,0,0,13,15,51,1.125000
179,35,44,44,48,24,0,0,3,-1,-1.000000,-1.000000,3,0,3,0,1,1,9,9,13,1.000000
180,36,73,73,97,49,0,0,3,-1,-1.000000,-1.000000,21,0,23,0,1,1,37,37,61,1.095238
181,36,97,97,115,57,0,0,4,-1,-1.000000,-1.000000,18,0,18,0,0,0,61,61,79,1.000000
182,36,110,112,142,49,0,1,4,4,1.000000,1.000000,25,1,29,1,1,2,74,76,106,1.160000
183,36,51,51,73,15,0,0,3,-1,-1.000000,-1.000000,18,0,22,0,0,0,15,15,37,1.222222
184,36,44,45,62,44,1,2,3,3,0.000000,1.000000,15,1,17,0,0,0,8,9,26,1.133333
185,37,42,44,78,42,0,2,3,3,0.000000,2.000000,32,2,34,0,0,0,5,7,41,1.062500
186,37,109,109,133,34,0,0,3,-1,-1.000000,-1.000000,21,0,23,0,1,1,72,72,96,1.095238
187,37,63,64,73,62,0,1,3,3,0.000000,1.000000,9,1,9,0,0,0,26,27,36,1.000000
188,37,40,42,55,13,0,2,4,4,0.000000,2.000000,13,2,13,0,0,0,3,5,18,1.000000
189,37,68,68,87,31,0,0,3,-1,-1.000000,-1.000000,13,0,19,0,0,0,31,31,50,1.461538
190,38,108,110,132,32,0,2,3,4,0.000000,1.000000,22,2,22,0,0,0,70,72,94,1.000000
191,38,118,119,171,66,1,2,4,4,1.000000,1.000000,42,1,50,0,2,2,80,81,133,1.190476
192,38,74,75,94,62,0,1,4,4,0.000000,1.000000,13,1,19,0,0,0,36,37,56,1.461538
193,38,109,111,139,40,0,2,3,4,0.000000,3.000000,22,2,28,0,0,0,71,73,101,1.272727
194,38,42,45,88,17,0,4,4,4,0.000000,1.000000,37,1,43,0,0,0,4,7,50,1.162162
195,39,136,142,166,41,0,6,3,3,1.000000,2.000000,22,6,24,0,0,0,97,103,127,1.090909
196,39,75,75,114,61,0,0,3,-1,-1.000000,-1.000000,30,0,38,0,1,1,36,36,75,1.266667
197,39,73,73,82,10,0,0,4,-1,-1.000000,-1.000000,9,0,9,0,0,0,34,34,43,1.000000
198,39,58,61,66,48,1,6,3,3,0.000000,2.000000,5,3,5,0,0,0,19,22,27,1.000000
199,39,44,51,68,59,2,3,4,4,0.000000,1.000000,17,6,17,1,0,1,5,12,29,1.000000
200,40,49,52,65,23,2,3,3,4,0.000000,3.000000,12,3,12,0,1,1,9,12,25,1.000000
201,40,63,64,75,36,0,1,3,3,0.000000,2.000000,9,1,11,0,0,0,23,24,35,1.222222
202,40,55,55,74,29,0,0,3,-1,-1.000000,-1.000000,11,0,19,0,0,0,15,15,34,1.727273
203,40,42,45,48,14,0,3,3,3,1.000000,1.000000,3,3,3,0,0,0,2,5,8,1.000000
204,40,44,44,72,10,0,0,3,-1,-1.000000,-1.000000,26,0,28,0,0,0,4,4,32,1.076923
205,41,42,42,60,5,0,0,3,-1,-1.000000,-1.000000,15,0,17,0,1,1,1,1,19,1.133333
206,41,42,43,63,22,0,1,3,3,1.000000,1.000000,19,1,19,0,1,1,1,2,22,1.000000
207,41,52,52,85,41,0,0,3,-1,-1.000000,-1.000000,22,0,28,0,5,5,11,11,44,1.272727
208,41,49,50,68,20,0,1,4,4,0.000000,1.000000,18,1,18,0,0,0,8,9,27,1.000000
209,41,56,59,95,72,0,3,4,4,0.000000,2.000000,31,3,33,0,3,3,15,18,54,1.064516
210,42,43,48,65,17,0,4,4,4,0.000000,2.000000,17,4,17,1,0,1,1,6,23,1.000000
211,42,49,50,83,9,0,1,4,4,0.000000,1.000000,28,1,32,0,1,1,7,8,41,1.142857
212,42,66,66,79,2,0,0,3,-1,-1.000000,-1.000000,11,0,13,0,0,0,24,24,37,1.181818
213,42,50,50,65,2,0,0,3,-1,-1.000000,-1.000000,11,0,13,0,2,2,8,8,23,1.181818
214,42,52,52,66,26,0,0,4,-1,-1.000000,-1.000000,13,0,13,0,1,1,10,10,24,1.000000
215,43,54,55,75,63,0,1,3,3,1.000000,1.000000,16,1,18,0,2,2,11,12,32,1.125000
216,43,51,68,87,45,0,3,3,3,0.000000,2.000000,15,4,19,0,0,0,8,25,44,1.266667
217,43,49,63,82,68,0,4,3,3,0.000000,1.000000,15,4,19,0,0,0,6,20,39,1.266667
218,43,86,86,111,33,0,0,3,-1,-1.000000,-1.000000,25,0,25,0,0,0,43,43,68,1.000000
219,43,115,117,150,61,0,2,3,3,0.000000,1.000000,21,2,33,0,0,0,72,74,107,1.571429
220,44,46,48,77,69,1,9,3,3,1.000000,1.000000,23,2,27,0,2,2,2,4,33,1.173913
221,44,136,136,155,54,0,0,3,-1,-1.000000,-1.000000,18,0,18,0,1,1,92,92,111,1.000000
222,44,45,47,54,65,0,1,4,4,0.000000,2.000000,7,1,7,1,0,1,1,3,10,1.000000
223,44,46,46,53,25,0,0,3,-1,-1.000000,-1.000000,7,0,7,0,0,0,2,2,9,1.000000
224,44,144,151,186,62,4,3,4,4,0.000000,1.000000,30,7,34,0,1,1,100,107,142,1.133333
225,45,115,115,127,0,0,0,3,-1,-1.000000,-1.000000,10,0,12,0,0,0,70,70,82,1.200000
226,45,48,48,75,32,0,0,4,-1,-1.000000,-1.000000,25,0,27,0,0,0,3,3,30,1.080000
227,45,55,63,74,72,1,7,3,4,0.000000,2.000000,11,6,11,1,0,1,10,18,29,1.000000
228,45,88,88,120,31,0,0,3,-1,-1.000000,-1.000000,24,0,32,0,0,0,43,43,75,1.333333
229,45,51,51,72,75,0,0,4,-1,-1.000000,-1.000000,21,0,21,0,0,0,6,6,27,1.000000
230,46,49,49,68,14,0,0,3,-1,-1.000000,-1.000000,17,0,17,0,2,2,3,3,22,1.000000
231,46,75,75,98,78,0,0,3,-1,-1.000000,-1.000000,18,0,22,0,1,1,29,29,52,1.222222
232,46,74,74,96,60,0,0,3,-1,-1.000000,-1.000000,22,0,22,0,0,0,28,28,50,1.000000
233,46,99,99,123,44,0,0,3,-1,-1.000000,-1.000000,22,0,24,0,0,0,53,53,77,1.090909
234,46,47,48,57,60,0,1,3,3,0.000000,2.000000,9,1,9,0,0,0,1,2,11,1.000000
235,47,119,128,150,30,1,6,3,4,0.000000,1.000000,19,8,21,1,1,2,72,81,103,1.105263
236,47,141,154,177,32,2,11,3,4,0.000000,3.000000,21,13,21,0,2,2,94,107,130,1.000000
237,47,59,60,72,49,0,1,4,4,0.000000,1.000000,10,1,12,0,0,0,12,13,25,1.200000
238,47,48,50,60,21,0,1,3,3,0.000000,1.000000,8,1,8,1,2,3,1,3,13,1.000000
239,47,48,82,114,69,3,4,4,3,0.000000,1.000000,28,14,32,1,0,1,1,35,67,1.142857
240,48,50,58,71,23,1,5,3,3,0.000000,0.000000,11,6,13,2,0,2,2,10,23,1.181818
241,48,50,51,66,77,0,1,3,3,0.000000,0.000000,11,1,13,0,2,2,2,3,18,1.181818
242,48,63,63,72,38,0,0,3,-1,-1.000000,-1.000000,7,0,9,0,0,0,15,15,24,1.285714
243,48,96,96,122,18,0,0,3,-1,-1.000000,-1.000000,25,0,25,0,1,1,48,48,74,1.000000
244,48,76,77,100,36,0,1,3,3,0.000000,0.000000,20,1,22,0,1,1,28,29,52,1.100000
245,49,119,123,155,15,0,4,3,3,0.000000,0.000000,30,4,32,0,0,0,70,74,106,1.066667
246,49,61,62,88,21,0,1,3,3,0.000000,2.000000,21,1,25,0,1,1,12,13,39,1.190476
247,49,54,54,83,25,0,0,4,-1,-1.000000,-1.000000,25,0,29,0,0,0,5,5,34,1.160000
248,49,56,58,71,71,0,2,3,4,0.000000,1.000000,7,2,11,0,2,2,7,9,22,1.571429
249,49,53,53,74,61,0,0,3,-1,-1.000000,-1.000000,19,0,21,0,0,0,4,4,25,1.105263
250,50,59,59,80,27,0,0,3,-1,-1.000000,-1.000000,16,0,20,0,1,1,9,9,30,1.250000
251,50,131,131,153,11,0,0,4,-1,-1.000000,-1.000000,22,0,22,0,0,0,81,81,103,1.000000
252,50,89,89,121,59,0,0,4,-1,-1.000000,-1.000000,30,0,32,0,0,0,39,39,71,1.066667
253,50,51,51,86,44,0,0,4,-1,-1.000000,-1.000000,32,0,34,0,1,1,1,1,36,1.062500
254,50,83,83,124,10,0,0,4,-1,-1.000000,-1.000000,39,0,41,0,0,0,33,33,74,1.051282
255,51,140,145,153,51,2,14,3,4,0.000000,1.000000,7,5,7,0,1,1,89,94,102,1.000000
256,51,61,78,101,3,0,2,3,3,2.000000,2.000000,16,4,22,0,1,1,10,27,50,1.375000
257,51,116,120,145,57,1,3,4,4,0.000000,1.000000,25,4,25,0,0,0,65,69,94,1.000000
258,51,52,55,75,45,0,1,3,3,2.000000,2.000000,17,3,19,0,1,1,1,4,24,1.117647
259,51,65,67,91,64,0,2,4,4,0.000000,0.000000,23,2,23,0,1,1,14,16,40,1.000000
260,52,81,83,98,66,0,2,4,4,1.000000,2.000000,14,2,14,0,1,1,29,31,46,1.000000
261,52,99,99,117,66,0,0,3,-1,-1.000000,-1.000000,16,0,16,0,2,2,47,47,65,1.000000
262,52,84,85,97,1,0,1,3,3,0.000000,1.000000,11,1,11,0,1,1,32,33,45,1.000000
263,52,109,109,147,24,0,0,3,-1,-1.000000,-1.000000,19,0,37,0,1,1,57,57,95,1.947368
264,52,123,125,149,74,0,1,3,3,0.000000,2.000000,22,1,24,1,0,1,71,73,97,1.090909
265,53,137,145,161,25,0,7,3,3,1.000000,1.000000,15,7,15,1,1,2,84,92,108,1.000000
266,53,62,62,83,46,0,0,3,-1,-1.000000,-1.000000,21,0,21,0,0,0,9,9,30,1.000000
267,53,55,56,72,7,0,1,3,3,1.000000,1.000000,16,1,16,0,0,0,2,3,19,1.000000
268,53,60,71,95,34,2,3,4,4,0.000000,0.000000,20,6,20,0,4,4,7,18,42,1.000000
269,53,109,109,145,17,0,0,3,-1,-1.000000,-1.000000,26,0,36,0,0,0,56,56,92,1.384615
270,54,55,56,80,65,0,1,4,4,1.000000,2.000000,21,1,23,0,1,1,1,2,26,1.095238
271,54,60,60,86,79,0,0,4,-1,-1.000000,-1.000000,22,0,22,0,4,4,6,6,32,1.000000
272,54,86,86,105,41,0,0,3,-1,-1.000000,-1.000000,15,0,19,0,0,0,32,32,51,1.266667
273,54,57,60,85,53,0,3,4,4,1.000000,2.000000,25,1,25,0,0,0,3,6,31,1.000000
274,54,134,139,177,78,3,5,4,4,1.000000,2.000000,35,4,37,1,1,2,80,85,123,1.057143
275,55,78,78,95,18,0,0,3,-1,-1.000000,-1.000000,17,0,17,0,0,0,23,23,40,1.000000
276,55,123,123,172,4,0,0,3,-1,-1.000000,-1.000000,25,0,49,0,0,0,68,68,117,1.960000
277,55,64,66,92,22,0,2,3,3,0.000000,1.000000,18,2,24,0,2,2,9,11,37,1.333333
278,55,143,143,170,47,0,0,3,-1,-1.000000,-1.000000,23,0,27,0,0,0,88,88,115,1.173913
279,55,86,92,94,4,0,4,3,3,0.000000,0.000000,2,6,2,0,0,0,31,37,39,1.000000
280,56,81,150,176,56,2,6,3,4,2.000000,3.000000,24,14,26,0,0,0,25,94,120,1.083333
281,56,90,90,115,51,0,0,3,-1,-1.000000,-1.000000,25,0,25,0,0,0,34,34,59,1.000000
282,56,62,64,105,11,0,2,4,4,0.000000,1.000000,41,2,41,0,0,0,6,8,49,1.000000
283,56,132,132,157,45,0,0,3,-1,-1.000000,-1.000000,15,0,25,0,0,0,76,76,101,1.666667
284,56,125,146,179,9,1,6,3,4,0.000000,1.000000,23,17,31,1,2,3,69,90,123,1.347826
285,57,64,64,83,40,0,0,3,-1,-1.000000,-1.000000,18,0,18,0,1,1,7,7,26,1.000000
286,57,73,73,93,7,0,0,3,-1,-1.000000,-1.000000,17,0,19,0,1,1,16,16,36,1.117647
287,57,64,64,78,70,0,0,3,-1,-1.000000,-1.000000,14,0,14,0,0,0,7,7,21,1.000000
288,57,58,58,83,8,0,0,4,-1,-1.000000,-1.000000,24,0,24,0,1,1,1,1,26,1.000000
289,57,69,69,83,20,0,0,3,-1,-1.000000,-1.000000,12,0,14,0,0,0,12,12,26,1.166667
290,58,76,77,92,68,0,1,3,3,1.000000,1.000000,12,1,14,0,1,1,18,19,34,1.166667
291,58,74,74,94,30,0,0,3,-1,-1.000000,-1.000000,18,0,20,0,0,0,16,16,36,1.111111
292,58,102,104,131,2,0,2,4,4,2.000000,2.000000,17,2,25,0,2,2,44,46,73,1.470588
293,58,60,96,127,11,0,3,4,3,1.000000,2.000000,29,4,31,0,0,0,2,38,69,1.068966
294,58,125,126,145,22,0,1,4,4,0.000000,2.000000,18,1,18,0,1,1,67,68,87,1.000000
295,59,61,109,151,12,0,5,3,3,0.000000,2.000000,40,3,42,0,0,0,2,50,92,1.050000
296,59,150,152,190,17,2,16,4,4,0.000000,1.000000,36,2,38,0,0,0,91,93,131,1.055556
297,59,66,66,73,60,0,0,3,-1,-1.000000,-1.000000,7,0,7,0,0,0,7,7,14,1.000000
298,59,74,76,88,39,0,1,3,3,0.000000,1.000000,7,1,11,1,1,2,15,17,29,1.571429
299,59,138,140,176,53,0,2,4,4,1.000000,2.000000,31,2,35,0,1,1,79,81,117,1.129032
300,60,146,146,189,63,0,0,4,-1,-1.000000,-1.000000,37,0,43,0,0,0,86,86,129,1.162162
301,60,69,69,90,14,0,0,3,-1,-1.000000,-1.000000,20,0,20,0,1,1,9,9,30,1.000000
302,60,67,67,109,5,0,0,3,-1,-1.000000,-1.000000,38,0,42,0,0,0,7,7,49,1.105263
303,60,87,90,91,77,0,3,4,4,1.000000,2.000000,1,3,1,0,0,0,27,30,31,1.000000
304,60,95,95,118,30,0,0,4,-1,-1.000000,-1.000000,20,0,20,0,3,3,35,35,58,1.000000
305,61,122,132,149,48,2,7,3,4,0.000000,1.000000,17,9,17,1,0,1,61,71,88,1.000000
306,61,96,97,114,19,0,1,3,3,0.000000,0.000000,13,1,17,0,0,0,35,36,53,1.307692
307,61,62,62,88,34,0,0,4,-1,-1.000000,-1.000000,22,0,26,0,0,0,1,1,27,1.181818
308,61,64,75,86,3,1,3,4,4,0.000000,2.000000,10,1,10,2,1,3,3,14,25,1.000000
309,61,109,109,124,76,0,0,3,-1,-1.000000,-1.000000,13,0,15,0,0,0,48,48,63,1.153846
310,62,151,158,198,61,2,7,4,3,0.000000,2.000000,34,7,40,0,0,0,89,96,136,1.176471
311,62,98,129,146,67,3,2,3,3,1.000000,1.000000,13,8,15,1,2,3,36,67,84,1.153846
312,62,67,67,91,26,0,0,3,-1,-1.000000,-1.000000,11,0,23,0,1,1,5,5,29,2.090909
313,62,73,74,102,75,0,1,3,3,0.000000,2.000000,28,1,28,0,0,0,11,12,40,1.000000
314,62,67,67,85,4,0,0,3,-1,-1.000000,-1.000000,16,0,16,0,2,2,5,5,23,1.000000
315,63,64,65,89,12,0,1,3,3,0.000000,2.000000,22,1,24,0,0,0,1,2,26,1.090909
316,63,102,123,142,16,0,2,3,3,2.000000,3.000000,19,3,19,0,0,0,39,60,79,1.000000
317,63,151,159,187,66,6,26,4,4,1.000000,3.000000,28,7,28,1,0,1,88,96,124,1.000000
318,63,136,136,152,50,0,0,3,-1,-1.000000,-1.000000,12,0,16,0,0,0,73,73,89,1.333333
319,63,109,109,132,69,0,0,3,-1,-1.000000,-1.000000,18,0,22,0,1,1,46,46,69,1.222222
320,64,81,81,101,65,0,0,3,-1,-1.000000,-1.000000,16,0,20,0,0,0,17,17,37,1.250000
321,64,102,104,121,48,0,2,3,4,2.000000,3.000000,13,2,17,0,0,0,38,40,57,1.307692
322,64,65,69,84,58,0,3,4,4,1.000000,2.000000,15,3,15,1,0,1,1,5,20,1.000000
323,64,91,120,123,50,1,2,3,3,3.000000,3.000000,3,8,3,0,0,0,27,56,59,1.000000
324,64,66,66,76,23,0,0,3,-1,-1.000000,-1.000000,10,0,10,0,0,0,2,2,12,1.000000
325,65,83,83,105,73,0,0,3,-1,-1.000000,-1.000000,20,0,22,0,0,0,18,18,40,1.100000
326,65,66,66,97,3,0,0,4,-1,-1.000000,-1.000000,26,0,30,0,1,1,1,1,32,1.153846
327,65,91,91,108,14,0,0,3,-1,-1.000000,-1.000000,13,0,17,0,0,0,26,26,43,1.307692
328,65,123,123,137,18,0,0,4,-1,-1.000000,-1.000000,14,0,14,0,0,0,58,58,72,1.000000
329,65,89,91,108,34,0,2,3,3,1.000000,2.000000,13,2,15,0,2,2,24,26,43,1.153846
330,66,148,155,186,68,5,15,4,3,0.000000,1.000000,31,7,31,0,0,0,82,89,120,1.000000
331,66,99,101,133,78,0,2,3,3,0.000000,1.000000,28,2,32,0,0,0,33,35,67,1.142857
332,66,106,106,135,41,0,0,3,-1,-1.000000,-1.000000,21,0,27,0,2,2,40,40,69,1.285714
333,66,71,71,101,52,0,0,3,-1,-1.000000,-1.000000,13,0,29,0,1,1,5,5,35,2.230769
334,66,111,124,139,20,0,6,3,4,0.000000,1.000000,13,6,15,2,0,2,45,58,73,1.153846
335,67,73,73,98,38,0,0,3,-1,-1.000000,-1.000000,25,0,25,0,0,0,6,6,31,1.000000
336,67,121,122,136,31,0,1,3,3,0.000000,0.000000,8,1,14,0,0,0,54,55,69,1.750000
337,67,71,72,76,76,0,1,4,4,0.000000,2.000000,4,1,4,0,0,0,4,5,9,1.000000
338,67,89,89,124,21,0,0,3,-1,-1.000000,-1.000000,21,0,35,0,0,0,22,22,57,1.666667
339,67,116,118,152,35,0,2,3,4,0.000000,2.000000,33,2,33,0,1,1,49,51,85,1.000000
340,68,139,140,170,67,0,1,3,3,0.000000,2.000000,23,1,29,0,1,1,71,72,102,1.260870
341,68,99,99,121,9,0,0,4,-1,-1.000000,-1.000000,18,0,20,0,2,2,31,31,53,1.111111
342,68,99,132,151,67,0,2,3,3,1.000000,1.000000,19,4,19,0,0,0,31,64,83,1.000000
343,68,98,99,115,1,0,1,3,3,2.000000,3.000000,14,1,14,0,2,2,30,31,47,1.000000
344,68,69,70,90,69,0,1,4,4,0.000000,1.000000,17,1,19,0,1,1,1,2,22,1.117647
345,69,140,152,191,76,2,4,3,2,1.000000,2.000000,28,12,38,0,1,1,71,83,122,1.357143
346,69,87,92,114,51,1,1,3,3,1.000000,1.000000,18,5,22,0,0,0,18,23,45,1.222222
347,69,79,80,124,54,0,1,3,3,0.000000,1.000000,26,1,44,0,0,0,10,11,55,1.692308
348,69,70,76,77,77,0,6,4,4,0.000000,0.000000,1,6,1,0,0,0,1,7,8,1.000000
349,69,75,75,99,48,0,0,3,-1,-1.000000,-1.000000,17,0,23,0,1,1,6,6,30,1.352941
350,70,122,126,145,9,2,3,3,3,0.000000,1.000000,18,4,18,0,1,1,52,56,75,1.000000
351,70,103,103,131,45,0,0,3,-1,-1.000000,-1.000000,15,0,27,0,1,1,33,33,61,1.800000
352,70,72,79,90,50,0,4,3,4,3.000000,4.000000,11,6,11,1,0,1,2,9,20,1.000000
353,70,73,83,101,30,0,3,3,3,0.000000,1.000000,16,3,18,1,0,1,3,13,31,1.125000
354,70,132,133,158,2,0,1,3,3,2.000000,2.000000,18,1,24,0,1,1,62,63,88,1.333333
355,71,76,78,102,63,0,2,3,4,0.000000,1.000000,18,2,24,0,0,0,5,7,31,1.333333
356,71,112,112,129,23,0,0,3,-1,-1.000000,-1.000000,11,0,15,0,2,2,41,41,58,1.363636
357,71,76,115,135,32,0,2,3,3,1.000000,1.000000,20,3,20,0,0,0,5,44,64,1.000000
358,71,77,79,85,23,0,2,3,3,2.000000,2.000000,6,2,6,0,0,0,6,8,14,1.000000
359,71,84,84,101,46,0,0,4,-1,-1.000000,-1.000000,17,0,17,0,0,0,13,13,30,1.000000
360,72,152,162,196,20,7,7,4,4,1.000000,2.000000,32,8,34,2,0,2,80,90,124,1.062500
361,72,102,102,149,52,0,0,3,-1,-1.000000,-1.000000,21,0,47,0,0,0,30,30,77,2.238095
362,72,107,107,122,22,0,0,4,-1,-1.000000,-1.000000,11,0,15,0,0,0,35,35,50,1.363636
363,72,88,88,121,79,0,0,3,-1,-1.000000,-1.000000,23,0,33,0,0,0,16,16,49,1.434783
364,72,73,75,98,28,0,2,4,4,0.000000,0.000000,23,2,23,0,0,0,1,3,26,1.000000
365,73,136,136,181,6,0,0,4,-1,-1.000000,-1.000000,43,0,45,0,0,0,63,63,108,1.046512
366,73,134,137,151,46,0,3,4,4,0.000000,0.000000,12,3,14,0,0,0,61,64,78,1.166667
367,73,74,75,88,15,0,1,3,3,0.000000,1.000000,12,1,12,0,1,1,1,2,15,1.000000
368,73,110,110,129,26,0,0,3,-1,-1.000000,-1.000000,15,0,17,0,2,2,37,37,56,1.133333
369,73,79,82,108,42,0,3,3,4,0.000000,1.000000,25,3,25,0,1,1,6,9,35,1.000000
370,74,84,84,110,20,0,0,4,-1,-1.000000,-1.000000,25,0,25,0,1,1,10,10,36,1.000000
371,74,150,165,211,37,2,15,3,3,0.000000,1.000000,43,15,45,0,1,1,76,91,137,1.046512
372,74,77,77,85,76,0,0,3,-1,-1.000000,-1.000000,8,0,8,0,0,0,3,3,11,1.000000
373,74,151,154,179,68,2,19,4,3,0.000000,0.000000,22,3,24,0,1,1,77,80,105,1.090909
374,74,87,115,136,44,0,1,3,3,0.000000,3.000000,19,1,21,0,0,0,13,41,62,1.105263
375,75,146,147,188,13,0,1,4,4,0.000000,1.000000,37,1,41,0,0,0,71,72,113,1.108108
376,75,91,96,122,74,0,1,4,4,1.000000,2.000000,25,5,25,0,1,1,16,21,47,1.000000
377,75,78,84,86,77,0,5,4,4,1.000000,2.000000,2,5,2,1,0,1,3,9,11,1.000000
378,75,86,88,111,23,0,2,3,3,2.000000,2.000000,11,2,19,0,4,4,11,13,36,1.727273
379,75,112,112,139,33,0,0,4,-1,-1.000000,-1.000000,23,0,27,0,0,0,37,37,64,1.173913
380,76,113,113,143,29,0,0,4,-1,-1.000000,-1.000000,22,0,28,0,2,2,37,37,67,1.272727
381,76,139,144,166,76,3,3,3,4,0.000000,2.000000,22,5,22,0,0,0,63,68,90,1.000000
382,76,118,119,149,37,0,1,3,3,0.000000,2.000000,20,1,28,0,2,2,42,43,73,1.400000
383,76,81,82,93,24,0,1,3,3,0.000000,0.000000,10,1,10,0,1,1,5,6,17,1.000000
384,76,90,90,117,37,0,0,4,-1,-1.000000,-1.000000,22,0,24,0,3,3,14,14,41,1.090909
385,77,136,136,162,27,0,0,4,-1,-1.000000,-1.000000,26,0,26,0,0,0,59,59,85,1.000000
386,77,85,103,123,33,0,3,3,4,0.000000,1.000000,16,5,18,0,2,2,8,26,46,1.125000
387,77,109,111,116,42,0,2,4,4,0.000000,1.000000,5,2,5,0,0,0,32,34,39,1.000000
388,77,84,87,96,13,0,3,4,4,0.000000,1.000000,9,3,9,0,0,0,7,10,19,1.000000
389,77,78,79,91,32,0,1,3,3,0.000000,1.000000,12,1,12,0,0,0,1,2,14,1.000000
390,78,132,134,169,38,0,2,3,3,1.000000,1.000000,27,2,35,0,0,0,54,56,91,1.296296
391,78,86,86,108,76,0,0,4,-1,-1.000000,-1.000000,17,0,21,0,1,1,8,8,30,1.235294
392,78,84,141,174,9,0,1,4,4,0.000000,0.000000,29,10,33,0,0,0,6,63,96,1.137931
393,78,99,99,115,35,0,0,4,-1,-1.000000,-1.000000,16,0,16,0,0,0,21,21,37,1.000000
394,78,81,81,99,27,0,0,3,-1,-1.000000,-1.000000,16,0,18,0,0,0,3,3,21,1.125000
395,79,150,167,195,48,10,25,4,3,0.000000,3.000000,28,17,28,0,0,0,71,88,116,1.000000
396,79,88,88,108,17,0,0,3,-1,-1.000000,-1.000000,16,0,20,0,0,0,9,9,29,1.250000
397,79,110,113,136,25,0,2,3,4,0.000000,3.000000,20,2,22,1,1,2,31,34,57,1.100000
398,79,97,97,111,13,0,0,4,-1,-1.000000,-1.000000,12,0,12,0,2,2,18,18,32,1.000000
399,79,133,149,162,69,1,3,3,3,1.000000,1.000000,13,14,13,0,0,0,54,70,83,1.000000
400,80,112,112,145,13,0,0,3,-1,-1.000000,-1.000000,30,0,32,0,1,1,32,32,65,1.066667
401,80,125,125,161,73,0,0,4,-1,-1.000000,-1.000000,30,0,36,0,0,0,45,45,81,1.200000
402,80,133,135,179,65,1,6,4,4,0.000000,1.000000,35,2,43,0,1,1,53,55,99,1.228571
403,80,81,81,95,19,0,0,3,-1,-1.000000,-1.000000,11,0,11,0,3,3,1,1,15,1.000000
404,80,84,84,108,40,0,0,4,-1,-1.000000,-1.000000,23,0,23,0,1,1,4,4,28,1.000000
405,81,107,110,137,8,0,2,3,4,1.000000,2.000000,20,2,26,1,1,2,26,29,56,1.300000
406,81,135,136,159,77,0,1,3,3,0.000000,0.000000,23,1,23,0,0,0,54,55,78,1.000000
407,81,119,119,149,16,0,0,3,-1,-1.000000,-1.000000,30,0,30,0,0,0,38,38,68,1.000000
408,81,134,140,171,62,1,5,3,3,1.000000,2.000000,21,6,29,0,2,2,53,59,90,1.380952
409,81,83,98,135,56,0,8,3,3,1.000000,1.000000,23,6,37,0,0,0,2,17,54,1.608696
410,82,138,140,156,64,0,2,3,4,0.000000,2.000000,16,2,16,0,0,0,56,58,74,1.000000
411,82,84,84,109,25,0,0,3,-1,-1.000000,-1.000000,23,0,25,0,0,0,2,2,27,1.086957
412,82,138,138,157,56,0,0,3,-1,-1.000000,-1.000000,19,0,19,0,0,0,56,56,75,1.000000
413,82,93,101,105,22,0,5,3,4,0.000000,1.000000,3,2,3,0,1,1,11,19,23,1.000000
414,82,87,124,135,79,0,3,3,3,0.000000,2.000000,9,2,11,0,0,0,5,42,53,1.222222
415,83,101,101,128,36,0,0,3,-1,-1.000000,-1.000000,21,0,25,0,2,2,18,18,45,1.190476
416,83,92,92,103,77,0,0,4,-1,-1.000000,-1.000000,9,0,9,0,2,2,9,9,20,1.000000
417,83,124,124,137,42,0,0,3,-1,-1.000000,-1.000000,13,0,13,0,0,0,41,41,54,1.000000
418,83,85,89,98,58,0,3,4,4,1.000000,2.000000,9,3,9,1,0,1,2,6,15,1.000000
419,83,138,146,174,31,0,8,3,4,0.000000,2.000000,21,8,27,0,1,1,55,63,91,1.285714
420,84,85,85,98,9,0,0,4,-1,-1.000000,-1.000000,10,0,12,0,1,1,1,1,14,1.200000
421,84,120,120,138,58,0,0,3,-1,-1.000000,-1.000000,17,0,17,0,1,1,36,36,54,1.000000
422,84,134,140,173,65,0,6,4,4,1.000000,2.000000,33,6,33,0,0,0,50,56,89,1.000000
423,84,103,106,118,16,0,1,3,3,3.000000,3.000000,12,3,12,0,0,0,19,22,34,1.000000
424,84,85,87,104,56,0,2,3,3,0.000000,2.000000,15,2,17,0,0,0,1,3,20,1.133333
425,85,90,91,105,12,0,1,4,4,1.000000,1.000000,11,1,13,0,1,1,5,6,20,1.181818
426,85,147,159,185,51,8,6,4,3,2.000000,3.000000,23,11,25,1,1,2,62,74,100,1.086957
427,85,104,105,134,77,0,1,4,4,1.000000,4.000000,25,1,29,0,0,0,19,20,49,1.160000
428,85,136,142,175,3,1,4,3,3,1.000000,1.000000,21,6,33,0,0,0,51,57,90,1.571429
429,85,86,88,99,53,0,2,3,4,0.000000,1.000000,11,2,11,0,0,0,1,3,14,1.000000
430,86,110,111,151,5,0,1,4,4,0.000000,2.000000,40,1,40,0,0,0,24,25,65,1.000000
431,86,103,104,123,46,1,3,3,3,1.000000,2.000000,13,1,17,0,2,2,17,18,37,1.307692
432,86,95,101,133,62,0,2,3,3,1.000000,2.000000,18,2,32,0,0,0,9,15,47,1.777778
433,86,93,93,113,50,0,0,4,-1,-1.000000,-1.000000,19,0,19,0,1,1,7,7,27,1.000000
434,86,143,144,171,49,0,1,3,3,0.000000,1.000000,23,1,27,0,0,0,57,58,85,1.173913
435,87,89,93,97,39,0,4,3,4,0.000000,2.000000,4,4,4,0,0,0,2,6,10,1.000000
436,87,102,103,115,65,0,1,3,3,2.000000,2.000000,11,1,11,0,1,1,15,16,28,1.000000
437,87,119,119,130,11,0,0,4,-1,-1.000000,-1.000000,7,0,11,0,0,0,32,32,43,1.571429
438,87,129,136,156,12,0,5,3,3,1.000000,2.000000,16,7,20,0,0,0,42,49,69,1.250000
439,87,88,89,98,44,0,1,3,3,2.000000,2.000000,3,1,9,0,0,0,1,2,11,3.000000
440,88,92,92,107,32,0,0,3,-1,-1.000000,-1.000000,15,0,15,0,0,0,4,4,19,1.000000
441,88,89,89,118,15,0,0,4,-1,-1.000000,-1.000000,29,0,29,0,0,0,1,1,30,1.000000
442,88,115,116,122,6,0,1,3,3,0.000000,3.000000,4,1,6,0,0,0,27,28,34,1.500000
443,88,117,124,146,7,0,4,4,3,0.000000,4.000000,20,6,20,1,2,3,29,36,58,1.000000
444,88,94,95,113,7,0,1,4,4,0.000000,0.000000,18,1,18,0,0,0,6,7,25,1.000000
445,89,137,142,175,78,3,5,4,4,0.000000,1.000000,31,5,33,0,0,0,48,53,86,1.064516
446,89,102,103,138,67,0,1,3,3,0.000000,2.000000,25,1,35,0,0,0,13,14,49,1.400000
447,89,112,113,124,70,0,1,4,4,0.000000,2.000000,11,1,11,0,0,0,23,24,35,1.000000
448,89,102,102,117,64,0,0,4,-1,-1.000000,-1.000000,13,0,15,0,0,0,13,13,28,1.153846
449,89,99,101,121,71,0,2,4,4,0.000000,1.000000,18,2,20,0,0,0,10,12,32,1.111111
450,90,118,119,137,64,0,1,3,3,0.000000,1.000000,18,1,18,0,0,0,28,29,47,1.000000
451,90,136,140,172,53,1,3,4,4,0.000000,1.000000,28,4,32,0,0,0,46,50,82,1.142857
452,90,91,92,108,69,0,1,4,4,0.000000,0.000000,14,1,16,0,0,0,1,2,18,1.142857
453,90,96,98,99,62,0,2,3,3,0.000000,0.000000,1,2,1,0,0,0,6,8,9,1.000000
454,90,132,146,160,46,4,4,4,4,1.000000,2.000000,9,11,13,0,1,1,42,56,70,1.444444
455,91,123,128,136,22,1,2,4,4,1.000000,1.000000,8,5,8,0,0,0,32,37,45,1.000000
456,91,92,94,109,26,0,2,4,4,0.000000,2.000000,15,2,15,0,0,0,1,3,18,1.000000
457,91,106,106,128,12,0,0,3,-1,-1.000000,-1.000000,12,0,22,0,0,0,15,15,37,1.833333
458,91,93,93,99,68,0,0,3,-1,-1.000000,-1.000000,6,0,6,0,0,0,2,2,8,1.000000
459,91,134,136,177,34,0,2,3,3,1.000000,1.000000,39,2,41,0,0,0,43,45,86,1.051282
460,92,125,128,138,76,0,3,3,3,1.000000,1.000000,10,3,10,0,0,0,33,36,46,1.000000
461,92,125,129,165,10,0,3,4,4,0.000000,3.000000,25,3,33,1,3,4,33,37,73,1.320000
462,92,98,99,109,49,0,1,3,3,1.000000,1.000000,8,1,10,0,0,0,6,7,17,1.250000
463,92,100,100,135,27,0,0,4,-1,-1.000000,-1.000000,33,0,35,0,0,0,8,8,43,1.060606
464,92,131,133,146,68,0,2,3,4,1.000000,1.000000,13,2,13,0,0,0,39,41,54,1.000000
465,93,105,107,123,58,1,1,4,4,3.000000,4.000000,13,2,15,0,1,1,12,14,30,1.153846
466,93,100,100,135,53,0,0,3,-1,-1.000000,-1.000000,35,0,35,0,0,0,7,7,42,1.000000
467,93,140,156,203,1,2,9,3,4,0.000000,3.000000,32,11,46,0,1,1,47,63,110,1.437500
468,93,96,96,111,70,0,0,3,-1,-1.000000,-1.000000,12,0,14,0,1,1,3,3,18,1.166667
469,93,94,96,106,22,0,2,3,4,1.000000,1.000000,10,2,10,0,0,0,1,3,13,1.000000
470,94,123,131,176,60,0,6,4,3,1.000000,1.000000,35,8,43,0,2,2,29,37,82,1.228571
471,94,128,136,162,0,0,4,3,4,1.000000,1.000000,22,8,24,0,2,2,34,42,68,1.090909
472,94,106,142,151,73,4,6,4,4,0.000000,0.000000,9,14,9,1,0,1,12,48,57,1.000000
473,94,95,97,128,55,0,2,3,3,0.000000,1.000000,23,2,29,0,2,2,1,3,34,1.260870
474,94,95,95,122,4,0,0,3,-1,-1.000000,-1.000000,27,0,27,0,0,0,1,1,28,1.000000
475,95,138,156,176,70,7,2,4,4,0.000000,2.000000,17,18,19,0,1,1,43,61,81,1.117647
476,95,146,165,195,28,8,23,3,3,0.000000,2.000000,26,19,28,0,2,2,51,70,100,1.076923
477,95,122,126,140,28,0,3,4,4,0.000000,1.000000,12,3,14,1,0,1,27,31,45,1.166667
478,95,122,122,158,59,0,0,4,-1,-1.000000,-1.000000,28,0,36,0,0,0,27,27,63,1.285714
479,95,100,100,101,48,0,0,3,-1,-1.000000,-1.000000,1,0,1,0,0,0,5,5,6,1.000000
480,96,125,129,135,54,0,4,3,4,1.000000,2.000000,4,4,6,0,0,0,29,33,39,1.500000
481,96,128,138,163,30,0,2,3,3,0.000000,2.000000,21,10,25,0,0,0,32,42,67,1.190476
482,96,99,99,103,58,0,0,4,-1,-1.000000,-1.000000,4,0,4,0,0,0,3,3,7,1.000000
483,96,106,107,154,43,0,1,3,3,2.000000,2.000000,32,1,46,0,1,1,10,11,58,1.437500
484,96,110,111,124,73,0,1,4,4,0.000000,1.000000,13,1,13,0,0,0,14,15,28,1.000000
485,97,135,136,164,69,0,1,3,3,0.000000,2.000000,20,1,28,0,0,0,38,39,67,1.400000
486,97,98,100,131,39,1,3,3,3,0.000000,1.000000,20,2,30,0,1,1,1,3,34,1.500000
487,97,129,129,156,36,0,0,3,-1,-1.000000,-1.000000,25,0,27,0,0,0,32,32,59,1.080000
488,97,100,102,121,28,0,2,3,3,0.000000,0.000000,10,2,18,0,1,1,3,5,24,1.800000
489,97,124,130,165,48,1,4,3,4,0.000000,1.000000,28,5,34,1,1,2,27,33,68,1.214286
490,98,104,107,119,58,2,1,4,4,0.000000,4.000000,12,3,12,0,0,0,6,9,21,1.000000
491,98,116,116,137,1,0,0,3,-1,-1.000000,-1.000000,17,0,21,0,0,0,18,18,39,1.235294
492,98,116,116,132,65,0,0,4,-1,-1.000000,-1.000000,16,0,16,0,0,0,18,18,34,1.000000
493,98,116,116,117,51,0,0,4,-1,-1.000000,-1.000000,1,0,1,0,0,0,18,18,19,1.000000
494,98,103,106,112,63,1,1,3,3,1.000000,1.000000,6,3,6,0,0,0,5,8,14,1.000000
495,99,106,106,130,68,0,0,3,-1,-1.000000,-1.000000,20,0,24,0,0,0,7,7,31,1.200000
496,99,119,119,150,20,0,0,3,-1,-1.000000,-1.000000,17,0,31,0,0,0,20,20,51,1.823529
497,99,103,103,133,75,0,0,4,-1,-1.000000,-1.000000,30,0,30,0,0,0,4,4,34,1.000000
498,99,122,122,160,71,0,0,4,-1,-1.000000,-1.000000,37,0,37,0,1,1,23,23,61,1.000000
499,99,106,106,118,11,0,0,4,-1,-1.000000,-1.000000,10,0,12,0,0,0,7,7,19,1.200000
