task_id,revealed_at,first_assigned_at,picked_up_at,completed_at,first_agent,reassignments,pickup_distance_at_assignment,service_shortest_distance,empty_distance,loaded_distance,active_wait_steps,assignment_wait,pickup_wait,completion_time,loaded_detour_ratio
0,0,1,1,10,72,0,0,9,0,9,0,1,1,10,1.000000
1,0,1,6,26,43,0,5,18,5,20,0,1,6,26,1.111111
2,1,2,9,31,20,2,7,22,7,22,0,1,8,30,1.000000
3,1,2,9,28,29,0,7,19,7,19,0,1,8,27,1.000000
4,2,3,5,19,16,0,2,14,2,14,0,1,3,17,1.000000
5,2,3,8,42,52,0,5,33,5,33,1,1,6,40,1.000000
6,3,4,8,20,51,0,4,12,4,12,0,1,5,17,1.000000
7,3,4,15,39,44,1,8,18,11,24,0,1,12,36,1.333333
8,4,5,5,36,9,0,0,31,0,31,0,1,1,32,1.000000
9,4,5,5,35,27,0,0,30,0,30,0,1,1,31,1.000000
10,5,6,11,34,41,1,8,17,5,23,0,1,6,29,1.352941
11,5,6,6,25,74,0,0,19,0,19,0,1,1,20,1.000000
12,6,7,7,12,33,0,0,5,0,5,0,1,1,6,1.000000
13,6,7,18,41,20,2,3,22,11,22,1,1,12,35,1.000000
14,7,8,17,31,79,0,9,13,9,13,1,1,10,24,1.000000
15,7,8,13,20,25,0,5,7,5,7,0,1,6,13,1.000000
16,8,9,9,33,32,0,0,24,0,24,0,1,1,25,1.000000
17,8,9,11,46,6,0,2,29,2,33,2,1,3,38,1.137931
18,9,10,12,34,53,0,2,22,2,22,0,1,3,25,1.000000
19,9,10,19,60,56,1,6,33,9,41,0,1,10,51,1.242424
20,10,11,15,48,26,1,5,33,4,33,0,1,5,38,1.000000
21,10,11,13,25,21,1,3,12,2,12,0,1,3,15,1.000000
22,11,12,12,25,18,0,0,13,0,13,0,1,1,14,1.000000
23,11,12,23,32,78,0,11,9,11,9,0,1,12,21,1.000000
24,12,13,13,56,72,0,0,43,0,43,0,1,1,44,1.000000
25,12,13,20,27,71,2,10,7,7,7,0,1,8,15,1.000000
26,13,14,21,36,33,0,7,15,7,15,0,1,8,23,1.000000
27,13,14,14,50,77,0,0,30,0,36,0,1,1,37,1.200000
28,14,15,25,43,47,0,10,18,10,18,0,1,11,29,1.000000
29,14,15,27,45,37,0,12,15,12,17,1,1,13,31,1.133333
30,15,16,24,67,56,1,1,37,8,43,0,1,9,52,1.162162
31,15,16,23,45,30,0,7,22,7,22,0,1,8,30,1.000000
32,16,17,26,60,13,0,9,24,9,34,0,1,10,44,1.416667
33,16,17,33,43,12,4,13,9,16,9,1,1,17,27,1.000000
34,17,18,27,67,22,1,7,29,9,39,1,1,10,50,1.344828
35,17,18,28,60,31,2,6,24,10,32,0,1,11,43,1.333333
36,18,19,24,44,12,0,5,18,5,20,0,1,6,26,1.111111
37,18,19,20,48,40,0,1,28,1,28,0,1,2,30,1.000000
38,19,20,47,65,11,6,11,13,25,17,3,1,28,46,1.307692
39,19,20,20,44,8,0,0,24,0,24,0,1,1,25,1.000000
40,20,21,21,35,45,0,0,13,0,13,1,1,1,15,1.000000
41,20,21,21,38,51,0,0,17,0,17,0,1,1,18,1.000000
42,21,22,22,60,22,0,0,26,0,38,0,1,1,39,1.461538
43,21,22,26,41,16,1,6,9,4,15,0,1,5,20,1.666667
44,22,23,24,37,15,0,1,13,1,13,0,1,2,15,1.000000
45,22,23,25,40,49,0,2,12,2,14,1,1,3,18,1.166667
46,23,24,25,49,23,0,1,23,1,23,1,1,2,26,1.000000
47,23,24,24,59,35,0,0,35,0,35,0,1,1,36,1.000000
48,24,25,35,38,11,2,8,3,10,3,0,1,11,14,1.000000
49,24,25,37,52,34,2,12,11,11,15,1,1,13,28,1.363636
50,25,26,32,44,11,0,6,12,6,12,0,1,7,19,1.000000
51,25,26,30,50,24,0,3,19,3,19,2,1,5,25,1.000000
52,26,27,28,44,38,0,1,16,1,16,0,1,2,18,1.000000
53,26,27,29,31,5,0,2,2,2,2,0,1,3,5,1.000000
54,27,28,30,61,39,0,2,31,2,31,0,1,3,34,1.000000
55,27,28,40,69,43,2,12,29,11,29,1,1,13,42,1.000000
56,28,29,31,64,29,0,2,29,2,33,0,1,3,36,1.137931
57,28,29,37,53,26,1,13,11,8,15,1,1,9,25,1.363636
58,29,30,35,54,36,1,12,19,5,19,0,1,6,25,1.000000
59,29,30,32,63,62,0,2,29,2,31,0,1,3,34,1.068966
60,30,31,44,52,56,3,9,8,13,8,0,1,14,22,1.000000
61,30,31,37,42,54,1,7,5,5,5,1,1,7,12,1.000000
62,31,32,42,78,10,0,10,30,10,36,0,1,11,47,1.200000
63,31,32,33,51,16,0,1,18,1,18,0,1,2,20,1.000000
64,32,33,33,55,56,0,0,22,0,22,0,1,1,23,1.000000
65,32,33,38,57,36,1,9,17,5,17,2,1,6,25,1.000000
66,33,34,35,81,63,0,1,44,1,46,0,1,2,48,1.045455
67,33,34,39,47,5,0,5,8,5,8,0,1,6,14,1.000000
68,34,35,40,61,44,0,5,18,5,20,1,1,6,27,1.111111
69,34,35,36,59,76,1,9,19,1,23,0,1,2,25,1.210526
70,35,36,36,64,32,0,0,23,0,27,1,1,1,29,1.173913
71,35,36,48,65,76,2,9,13,11,17,1,1,13,30,1.307692
72,36,37,40,71,43,0,3,29,3,29,2,1,4,35,1.000000
73,36,37,39,58,19,0,2,17,2,19,0,1,3,22,1.117647
74,37,38,43,62,17,0,5,18,5,18,1,1,6,25,1.000000
75,37,38,38,75,70,0,0,37,0,37,0,1,1,38,1.000000
76,38,39,39,59,7,0,0,20,0,20,0,1,1,21,1.000000
77,38,39,44,66,26,0,5,22,5,22,0,1,6,28,1.000000
78,39,40,45,62,75,0,5,17,5,17,0,1,6,23,1.000000
79,39,40,42,52,41,0,2,10,2,10,0,1,3,13,1.000000
80,40,41,44,52,42,1,3,8,3,8,0,1,4,12,1.000000
81,40,41,43,68,73,0,2,23,2,25,0,1,3,28,1.086957
82,41,42,43,59,50,0,1,14,1,14,2,1,2,18,1.000000
83,41,42,53,81,48,5,9,22,11,26,2,1,12,40,1.181818
84,42,43,43,61,60,0,0,18,0,18,0,1,1,19,1.000000
85,42,43,45,56,9,0,2,5,2,9,2,1,3,14,1.800000
86,43,44,45,52,69,0,1,7,1,7,0,1,2,9,1.000000
87,43,44,51,72,45,0,5,19,7,21,0,1,8,29,1.105263
88,44,45,52,73,79,0,7,21,7,21,0,1,8,29,1.000000
89,44,45,46,62,51,1,5,14,1,16,0,1,2,18,1.142857
90,45,46,56,81,68,0,10,23,10,25,0,1,11,36,1.086957
91,45,46,52,86,51,0,6,23,6,33,1,1,7,41,1.434783
92,46,47,47,52,58,0,0,5,0,5,0,1,1,6,1.000000
93,46,47,57,58,12,1,6,1,9,1,1,1,11,12,1.000000
94,47,48,55,63,38,1,7,8,6,8,1,1,8,16,1.000000
95,47,48,58,71,61,4,11,13,9,13,1,1,11,24,1.000000
96,48,49,52,63,11,0,3,11,3,11,0,1,4,15,1.000000
97,48,49,52,72,47,0,2,18,2,20,1,1,4,24,1.111111
98,49,50,53,70,78,0,3,17,3,17,0,1,4,21,1.000000
99,49,50,55,79,15,0,5,18,5,22,2,1,6,30,1.222222
100,50,51,67,69,21,3,4,2,15,2,1,1,17,19,1.000000
101,50,51,52,65,77,0,1,13,1,13,0,1,2,15,1.000000
102,51,52,52,77,37,0,0,25,0,25,0,1,1,26,1.000000
103,51,52,60,90,42,1,7,28,8,30,0,1,9,39,1.071429
104,52,53,61,89,38,0,6,27,8,27,1,1,9,37,1.000000
105,52,53,55,83,34,1,4,24,2,26,2,1,3,31,1.083333
106,53,54,55,74,1,0,1,19,1,19,0,1,2,21,1.000000
107,53,54,56,67,69,0,2,11,2,11,0,1,3,14,1.000000
108,54,55,56,82,52,0,1,24,1,26,0,1,2,28,1.083333
109,54,55,60,74,14,0,5,14,5,14,0,1,6,20,1.000000
110,55,56,65,80,76,5,7,15,9,15,0,1,10,25,1.000000
111,55,56,62,69,58,4,4,6,6,6,1,1,7,14,1.000000
112,56,57,61,76,34,0,4,15,4,15,0,1,5,20,1.000000
113,56,57,71,77,76,6,4,6,14,6,0,1,15,21,1.000000
114,57,58,64,72,36,3,5,8,5,8,1,1,7,15,1.000000
115,57,58,60,90,8,0,2,29,2,29,1,1,3,33,1.000000
116,58,59,66,77,58,2,4,8,5,10,3,1,8,19,1.250000
117,58,59,60,87,53,0,1,27,1,27,0,1,2,29,1.000000
118,59,60,60,71,61,0,0,11,0,11,0,1,1,12,1.000000
119,59,60,65,98,27,3,4,33,4,33,1,1,6,39,1.000000
120,60,61,63,96,72,1,7,31,2,33,0,1,3,36,1.064516
121,60,61,64,72,36,1,3,8,3,8,0,1,4,12,1.000000
122,61,62,71,97,13,2,9,22,9,26,0,1,10,36,1.181818
123,61,62,63,66,48,0,1,3,1,3,0,1,2,5,1.000000
124,62,63,70,86,30,0,4,14,6,16,1,1,8,24,1.142857
125,62,63,78,84,16,0,8,4,14,6,1,1,16,22,1.500000
126,63,64,72,92,66,1,8,20,8,20,0,1,9,29,1.000000
127,63,64,67,85,44,0,3,16,3,16,2,1,4,22,1.000000
128,64,65,68,85,11,0,3,11,3,17,0,1,4,21,1.545455
129,64,65,68,78,50,0,3,10,3,10,0,1,4,14,1.000000
130,65,66,66,89,42,0,0,21,0,23,0,1,1,24,1.095238
131,65,66,67,93,7,0,1,25,1,25,1,1,2,28,1.000000
132,66,67,67,69,40,0,0,2,0,2,0,1,1,3,1.000000
133,66,67,71,102,6,0,4,31,4,31,0,1,5,36,1.000000
134,67,68,68,106,41,0,0,34,0,38,0,1,1,39,1.117647
135,67,68,70,97,65,1,2,27,2,27,0,1,3,30,1.000000
136,68,69,71,84,22,0,2,10,2,12,1,1,3,16,1.200000
137,68,69,70,86,73,0,1,16,1,16,0,1,2,18,1.000000
138,69,70,70,83,66,0,0,11,0,13,0,1,1,14,1.181818
139,69,70,72,92,35,1,2,12,2,20,0,1,3,23,1.666667
140,70,71,73,82,56,0,2,9,2,9,0,1,3,12,1.000000
141,70,71,73,83,75,0,2,10,2,10,0,1,3,13,1.000000
142,71,72,73,93,35,0,1,18,1,20,0,1,2,22,1.111111
143,71,72,77,88,65,1,6,9,4,11,1,1,6,17,1.222222
144,72,73,74,113,5,1,1,37,0,37,3,1,2,41,1.000000
145,72,73,78,118,78,0,5,27,5,39,1,1,6,46,1.444444
146,73,74,78,103,62,1,1,21,4,25,0,1,5,30,1.190476
147,73,74,75,121,47,1,8,17,1,45,1,1,2,48,2.647059
148,74,75,80,107,62,0,5,25,5,27,0,1,6,33,1.080000
149,74,75,77,90,18,1,3,12,2,12,1,1,3,16,1.000000
150,75,76,76,105,61,0,0,29,0,29,0,1,1,30,1.000000
151,75,76,79,87,39,1,10,8,2,8,1,1,4,12,1.000000
152,76,77,78,96,40,0,1,18,1,18,0,1,2,20,1.000000
153,76,77,83,110,74,0,6,23,6,25,2,1,7,34,1.086957
154,77,78,78,102,43,0,0,21,0,23,1,1,1,25,1.095238
155,77,78,92,118,72,4,8,20,12,26,2,1,15,41,1.300000
156,78,79,81,92,29,0,2,11,2,11,0,1,3,14,1.000000
157,78,79,84,115,72,0,5,29,5,31,0,1,6,37,1.068966
158,79,80,86,107,18,1,7,21,6,21,0,1,7,28,1.000000
159,79,80,81,96,26,0,1,12,1,14,1,1,2,17,1.166667
160,80,81,85,118,14,0,4,33,4,33,0,1,5,38,1.000000
161,80,81,92,99,59,2,13,7,11,7,0,1,12,19,1.000000
162,81,82,82,100,57,0,0,15,0,17,1,1,1,19,1.133333
163,81,82,84,102,65,0,2,16,2,18,0,1,3,21,1.125000
164,82,83,85,97,20,0,2,10,2,12,0,1,3,15,1.200000
165,82,83,84,118,12,0,1,21,1,33,1,1,2,36,1.571429
166,83,84,84,108,23,0,0,22,0,24,0,1,1,25,1.090909
167,83,84,84,106,58,0,0,22,0,22,0,1,1,23,1.000000
168,84,85,91,103,75,2,7,11,6,11,1,1,7,19,1.000000
169,84,85,87,107,71,1,6,18,2,20,0,1,3,23,1.111111
170,85,86,93,112,47,0,7,16,7,18,1,1,8,27,1.125000
171,85,86,86,115,71,0,0,29,0,29,0,1,1,30,1.000000
172,86,87,88,90,59,1,3,2,1,2,0,1,2,4,1.000000
173,86,87,92,116,63,0,5,20,5,24,0,1,6,30,1.200000
174,87,88,90,113,15,0,1,23,1,23,1,1,3,26,1.000000
175,87,88,109,134,59,2,12,16,20,24,2,1,22,47,1.500000
176,88,89,95,103,73,3,1,8,6,8,0,1,7,15,1.000000
177,88,89,97,120,22,2,6,23,6,23,2,1,9,32,1.000000
178,89,90,92,117,10,0,2,24,2,24,1,1,3,28,1.000000
179,89,90,93,98,59,1,3,5,3,5,0,1,4,9,1.000000
180,90,91,95,141,31,0,4,22,4,44,2,1,5,51,2.000000
181,90,91,93,104,37,0,2,11,2,11,0,1,3,14,1.000000
182,91,92,92,99,42,0,0,7,0,7,0,1,1,8,1.000000
183,91,92,103,113,46,5,5,10,9,10,2,1,12,22,1.000000
184,92,93,98,111,46,0,4,13,4,13,1,1,6,19,1.000000
185,92,93,93,122,34,0,0,29,0,29,0,1,1,30,1.000000
186,93,94,103,121,73,2,5,12,9,16,2,1,10,28,1.333333
187,93,94,99,126,45,1,5,25,5,27,0,1,6,33,1.080000
188,94,95,104,134,16,3,8,14,7,30,2,1,10,40,2.142857
189,94,95,95,113,67,0,0,18,0,18,0,1,1,19,1.000000
190,95,96,96,104,27,0,0,8,0,8,0,1,1,9,1.000000
191,95,96,98,131,9,1,3,33,2,33,0,1,3,36,1.000000
192,96,97,104,126,54,2,9,14,7,20,2,1,8,30,1.428571
193,96,97,101,128,60,0,4,25,4,27,0,1,5,32,1.080000
194,97,98,114,128,16,4,8,14,15,14,1,1,17,31,1.000000
195,97,98,98,130,13,0,0,26,0,32,0,1,1,33,1.230769
196,98,99,104,130,76,1,3,26,5,26,0,1,6,32,1.000000
197,98,99,100,111,16,1,3,10,1,10,1,1,2,13,1.000000
198,99,100,103,127,32,0,3,24,3,24,0,1,4,28,1.000000
199,99,100,100,135,38,0,0,31,0,35,0,1,1,36,1.129032
200,100,101,111,154,21,0,10,29,10,43,0,1,11,54,1.482759
201,100,101,103,121,77,1,4,16,2,16,2,1,3,21,1.000000
202,101,102,102,125,40,0,0,23,0,23,0,1,1,24,1.000000
203,101,102,103,130,24,1,1,27,1,27,0,1,2,29,1.000000
204,102,103,108,124,33,0,5,15,5,15,1,1,6,22,1.000000
205,102,103,112,131,16,3,6,16,9,18,1,1,10,29,1.125000
206,103,104,107,132,25,0,3,24,3,24,1,1,4,29,1.000000
207,103,104,105,133,51,0,1,18,1,28,0,1,2,30,1.555556
208,104,105,105,115,11,0,0,10,0,10,0,1,1,11,1.000000
209,104,105,108,140,16,0,3,16,3,32,0,1,4,36,2.000000
210,105,106,106,144,48,0,0,32,0,36,2,1,1,39,1.125000
211,105,106,111,118,53,1,5,4,4,6,2,1,6,13,1.500000
212,106,107,112,121,9,0,5,9,5,9,0,1,6,15,1.000000
213,106,107,115,140,24,1,10,21,8,25,0,1,9,34,1.190476
214,107,108,109,114,35,0,1,5,1,5,0,1,2,7,1.000000
215,107,108,115,145,64,1,9,24,7,28,2,1,8,38,1.166667
216,108,109,116,127,18,0,7,11,7,11,0,1,8,19,1.000000
217,108,109,111,143,55,0,2,30,2,32,0,1,3,35,1.066667
218,109,110,115,151,28,0,5,34,5,36,0,1,6,42,1.058824
219,109,110,110,127,64,0,0,15,0,17,0,1,1,18,1.133333
220,110,111,112,125,23,0,1,13,1,13,0,1,2,15,1.000000
221,110,111,114,134,27,1,4,20,3,20,0,1,4,24,1.000000
222,111,112,127,152,39,5,5,25,11,25,4,1,16,41,1.000000
223,111,112,120,133,41,0,6,13,8,13,0,1,9,22,1.000000
224,112,113,118,132,3,0,5,14,5,14,0,1,6,20,1.000000
225,112,113,120,144,52,1,7,24,7,24,0,1,8,32,1.000000
226,113,114,115,124,69,0,1,9,1,9,0,1,2,11,1.000000
227,113,114,115,133,4,0,1,18,1,18,0,1,2,20,1.000000
228,114,115,125,146,44,1,7,20,10,20,1,1,11,32,1.000000
229,114,115,122,153,49,3,8,25,7,31,0,1,8,39,1.240000
230,115,116,117,153,53,0,1,36,1,36,0,1,2,38,1.000000
231,115,116,123,153,35,0,6,28,6,30,1,1,8,38,1.071429
232,116,117,123,141,27,0,5,17,5,17,2,1,7,25,1.000000
233,116,117,120,148,67,0,3,26,3,28,0,1,4,32,1.076923
234,117,118,118,132,49,0,0,14,0,14,0,1,1,15,1.000000
235,117,118,119,151,39,0,1,14,1,32,0,1,2,34,2.285714
236,118,119,121,152,8,0,2,31,2,31,0,1,3,34,1.000000
237,118,119,124,138,52,0,4,11,4,13,2,1,6,20,1.181818
238,119,120,121,129,24,0,1,8,1,8,0,1,2,10,1.000000
239,119,120,122,148,11,1,4,21,1,25,2,1,3,29,1.190476
240,120,121,121,165,74,0,0,42,0,44,0,1,1,45,1.047619
241,120,121,121,149,19,0,0,28,0,28,0,1,1,29,1.000000
242,121,122,126,142,45,0,3,13,3,15,2,1,5,21,1.153846
243,121,122,122,147,71,0,0,23,0,25,0,1,1,26,1.086957
244,122,123,123,142,61,0,0,13,0,19,0,1,1,20,1.461538
245,122,123,127,153,50,0,3,26,3,26,1,1,5,31,1.000000
246,123,124,124,140,73,0,0,16,0,16,0,1,1,17,1.000000
247,123,124,126,139,11,0,2,13,2,13,0,1,3,16,1.000000
248,124,125,127,149,15,0,2,22,2,22,0,1,3,25,1.000000
249,124,125,135,162,70,5,7,26,9,26,2,1,11,38,1.000000
250,125,126,127,159,10,0,1,28,1,32,0,1,2,34,1.142857
251,125,126,131,157,34,0,5,16,5,26,0,1,6,32,1.625000
252,126,127,129,174,70,0,2,29,2,45,0,1,3,48,1.551724
253,126,127,130,150,23,0,3,14,3,18,2,1,4,24,1.285714
254,127,128,129,147,78,0,1,18,1,18,0,1,2,20,1.000000
255,127,128,129,171,0,0,1,40,1,42,0,1,2,44,1.050000
256,128,129,135,151,30,0,6,13,6,15,1,1,7,23,1.153846
257,128,129,129,146,42,0,0,17,0,17,0,1,1,18,1.000000
258,129,130,130,137,44,0,0,6,0,6,1,1,1,8,1.000000
259,129,130,136,171,18,0,6,30,6,34,1,1,7,42,1.133333
260,130,131,134,172,24,0,3,38,3,38,0,1,4,42,1.000000
261,130,131,136,171,46,0,5,28,5,34,1,1,6,41,1.214286
262,131,132,137,153,37,1,7,14,5,16,0,1,6,22,1.142857
263,131,132,132,142,26,0,0,10,0,10,0,1,1,11,1.000000
264,132,133,135,137,13,0,2,2,2,2,0,1,3,5,1.000000
265,132,133,135,145,56,1,4,10,2,10,0,1,3,13,1.000000
266,133,134,135,168,2,0,1,31,1,33,0,1,2,35,1.064516
267,133,134,138,181,60,0,4,29,4,43,0,1,5,48,1.482759
268,134,135,135,150,37,0,0,15,0,15,0,1,1,16,1.000000
269,134,135,140,180,49,1,5,26,5,40,0,1,6,46,1.538462
270,135,136,141,163,51,2,9,22,5,22,0,1,6,28,1.000000
271,135,136,139,166,49,1,3,24,3,26,1,1,4,31,1.083333
272,136,137,138,157,47,0,1,10,1,18,1,1,2,21,1.800000
273,136,137,149,195,20,0,10,44,12,46,0,1,13,59,1.045455
274,137,138,138,163,44,0,0,23,0,25,0,1,1,26,1.086957
275,137,138,155,178,54,6,10,20,16,22,2,1,18,41,1.100000
276,138,139,142,156,56,2,1,14,3,14,0,1,4,18,1.000000
277,138,139,144,165,64,0,5,21,5,21,0,1,6,27,1.000000
278,139,140,142,148,22,0,2,6,2,6,0,1,3,9,1.000000
279,139,140,145,173,49,1,5,22,5,28,0,1,6,34,1.272727
280,140,141,142,160,17,0,1,18,1,18,0,1,2,20,1.000000
281,140,141,156,162,7,5,2,6,15,6,0,1,16,22,1.000000
282,141,142,150,176,59,2,1,23,8,25,1,1,9,35,1.086957
283,141,142,146,173,51,2,2,19,2,27,2,1,5,32,1.421053
284,142,143,147,173,11,1,4,23,4,25,1,1,5,31,1.086957
285,142,143,143,151,32,0,0,8,0,8,0,1,1,9,1.000000
286,143,144,144,167,75,0,0,17,0,23,0,1,1,24,1.352941
287,143,144,145,162,26,0,1,17,1,17,0,1,2,19,1.000000
288,144,145,148,162,7,0,3,14,3,14,0,1,4,18,1.000000
289,144,145,149,177,55,0,4,28,4,28,0,1,5,33,1.000000
290,145,146,153,167,41,1,8,14,7,14,0,1,8,22,1.000000
291,145,146,154,163,54,0,8,9,8,9,0,1,9,18,1.000000
292,146,147,148,174,61,0,1,25,1,25,1,1,2,28,1.000000
293,146,147,147,166,45,0,0,19,0,19,0,1,1,20,1.000000
294,147,148,152,180,57,0,4,24,4,28,0,1,5,33,1.166667
295,147,148,163,195,27,4,3,29,15,29,3,1,16,48,1.000000
296,148,149,154,193,14,1,5,37,5,39,0,1,6,45,1.054054
297,148,149,158,177,41,2,8,15,9,17,2,1,10,29,1.133333
298,149,150,153,166,27,0,3,13,3,13,0,1,4,17,1.000000
299,149,150,156,185,49,1,5,29,6,29,0,1,7,36,1.000000
300,150,151,156,165,33,1,3,5,5,9,0,1,6,15,1.800000
301,150,151,154,168,41,0,3,14,3,14,0,1,4,18,1.000000
302,151,152,155,165,51,0,3,10,3,10,0,1,4,14,1.000000
303,151,152,154,168,30,1,2,14,2,14,0,1,3,17,1.000000
304,152,153,154,204,32,0,1,37,1,49,1,1,2,52,1.324324
305,152,153,160,165,29,2,8,4,7,4,1,1,8,13,1.000000
306,153,154,157,176,33,0,3,15,3,19,0,1,4,23,1.266667
307,153,154,163,171,23,3,3,8,8,8,1,1,10,18,1.000000
308,154,155,162,181,23,3,5,17,6,17,3,1,8,27,1.000000
309,154,155,157,173,79,0,2,16,2,16,0,1,3,19,1.000000
310,155,156,158,175,8,0,2,15,2,17,0,1,3,20,1.133333
311,155,156,159,189,29,0,3,22,3,30,0,1,4,34,1.363636
312,156,157,158,173,23,0,1,14,1,14,1,1,2,17,1.000000
313,156,157,159,173,30,0,2,14,2,14,0,1,3,17,1.000000
314,157,158,162,183,34,0,4,21,4,21,0,1,5,26,1.000000
315,157,158,159,166,50,0,1,7,1,7,0,1,2,9,1.000000
316,158,159,163,199,31,0,4,31,4,35,1,1,5,41,1.129032
317,158,159,161,187,38,1,5,25,1,25,2,1,3,29,1.000000
318,159,160,163,195,38,0,3,28,3,32,0,1,4,36,1.142857
319,159,160,161,175,36,0,1,11,1,11,3,1,2,16,1.000000
320,160,161,170,200,14,1,5,22,9,30,0,1,10,40,1.363636
321,160,161,161,186,11,0,0,25,0,25,0,1,1,26,1.000000
322,161,162,169,187,53,2,7,17,7,17,1,1,8,26,1.000000
323,161,162,168,190,56,3,8,22,5,22,1,1,7,29,1.000000
324,162,163,169,179,7,4,10,10,5,10,1,1,7,17,1.000000
325,162,163,178,187,14,4,5,9,14,9,1,1,16,25,1.000000
326,163,164,168,177,53,1,4,9,4,9,0,1,5,14,1.000000
327,163,164,172,181,76,2,8,9,8,9,0,1,9,18,1.000000
328,164,165,167,178,56,1,6,11,2,11,0,1,3,14,1.000000
329,164,165,167,194,14,0,2,25,2,25,2,1,3,30,1.000000
330,165,166,166,181,47,0,0,15,0,15,0,1,1,16,1.000000
331,165,166,166,178,62,0,0,10,0,12,0,1,1,13,1.200000
332,166,167,168,201,40,0,1,29,1,33,0,1,2,35,1.137931
333,166,167,173,204,7,1,3,31,6,31,0,1,7,38,1.000000
334,167,168,170,213,7,0,2,43,2,43,0,1,3,46,1.000000
335,167,168,170,198,45,0,2,28,2,28,0,1,3,31,1.000000
336,168,169,169,208,76,0,0,36,0,38,1,1,1,40,1.055556
337,168,169,171,194,16,0,2,17,2,23,0,1,3,26,1.352941
338,169,170,182,201,75,2,4,15,11,17,3,1,13,32,1.133333
339,169,170,175,188,74,1,3,12,4,12,2,1,6,19,1.000000
340,170,171,175,189,22,1,8,14,4,14,0,1,5,19,1.000000
341,170,171,171,195,74,0,0,20,0,24,0,1,1,25,1.200000
342,171,172,174,183,51,0,2,9,2,9,0,1,3,12,1.000000
343,171,172,174,192,25,0,2,18,2,18,0,1,3,21,1.000000
344,172,173,179,184,78,2,5,5,5,5,1,1,7,12,1.000000
345,172,173,176,183,21,0,3,6,3,6,1,1,4,11,1.000000
346,173,174,177,211,54,0,3,32,3,34,0,1,4,38,1.062500
347,173,174,175,197,42,0,1,22,1,22,0,1,2,24,1.000000
348,174,175,177,190,37,0,2,11,2,13,0,1,3,16,1.181818
349,174,175,176,208,0,0,1,17,1,31,1,1,2,34,1.823529
350,175,176,176,208,44,0,0,31,0,31,1,1,1,33,1.000000
351,175,176,177,208,6,0,1,29,1,31,0,1,2,33,1.068966
352,176,177,179,197,70,0,2,16,2,18,0,1,3,21,1.125000
353,176,177,180,199,36,0,2,19,2,19,1,1,4,23,1.000000
354,177,178,179,204,39,0,1,22,1,24,1,1,2,27,1.090909
355,177,178,182,194,30,0,3,10,3,12,1,1,5,17,1.200000
356,178,179,182,206,75,0,3,24,3,24,0,1,4,28,1.000000
357,178,179,200,225,49,12,9,25,21,25,0,1,22,47,1.000000
358,179,180,181,203,50,0,1,18,1,22,0,1,2,24,1.222222
359,179,180,182,192,48,0,2,10,2,10,0,1,3,13,1.000000
360,180,181,185,206,49,0,4,21,4,21,0,1,5,26,1.000000
361,180,181,188,193,8,0,7,4,7,4,1,1,8,13,1.000000
362,181,182,189,212,12,1,6,21,7,23,0,1,8,31,1.095238
363,181,182,185,212,41,0,3,23,3,27,0,1,4,31,1.173913
364,182,183,190,216,22,3,9,26,7,26,0,1,8,34,1.000000
365,182,183,189,204,59,1,7,13,5,15,1,1,7,22,1.153846
366,183,184,188,203,46,1,4,15,4,15,0,1,5,20,1.000000
367,183,184,195,210,22,5,9,15,11,15,0,1,12,27,1.000000
368,184,185,200,211,2,3,10,10,15,10,1,1,16,27,1.000000
369,184,185,193,208,28,1,8,15,8,15,0,1,9,24,1.000000
370,185,186,201,215,12,2,7,14,14,14,1,1,16,30,1.000000
371,185,186,190,223,21,1,2,33,4,33,0,1,5,38,1.000000
372,186,187,198,221,47,2,11,23,11,23,0,1,12,35,1.000000
373,186,187,192,213,26,1,14,21,5,21,0,1,6,27,1.000000
374,187,188,191,216,57,1,12,25,3,25,0,1,4,29,1.000000
375,187,188,188,201,4,0,0,13,0,13,0,1,1,14,1.000000
376,188,189,191,218,46,1,4,23,2,27,0,1,3,30,1.173913
377,188,189,190,197,24,0,1,5,1,7,0,1,2,9,1.400000
378,189,190,193,210,33,1,2,17,2,17,1,1,4,21,1.000000
379,189,190,191,209,26,0,1,18,1,18,0,1,2,20,1.000000
380,190,191,192,220,64,1,3,24,1,28,0,1,2,30,1.166667
381,190,191,196,208,46,2,6,12,4,12,1,1,6,18,1.000000
382,191,192,207,236,28,3,7,25,14,29,1,1,16,45,1.160000
383,191,192,200,221,57,3,2,21,8,21,0,1,9,30,1.000000
384,192,193,193,231,25,0,0,35,0,37,1,1,1,39,1.057143
385,192,193,196,216,57,0,3,20,3,20,0,1,4,24,1.000000
386,193,194,195,218,48,0,1,22,1,22,1,1,2,25,1.000000
387,193,194,197,199,8,0,3,2,3,2,0,1,4,6,1.000000
388,194,195,195,237,58,0,0,42,0,42,0,1,1,43,1.000000
389,194,195,198,209,28,0,3,11,3,11,0,1,4,15,1.000000
390,195,196,198,230,16,0,2,23,2,31,1,1,3,35,1.347826
391,195,196,201,206,27,0,5,5,5,5,0,1,6,11,1.000000
392,196,197,201,230,55,1,12,27,4,29,0,1,5,34,1.074074
393,196,197,199,223,3,0,2,24,2,24,0,1,3,27,1.000000
394,197,198,205,217,30,2,2,12,7,12,0,1,8,20,1.000000
395,197,198,206,230,29,0,8,24,8,24,0,1,9,33,1.000000
396,198,199,202,208,34,1,12,4,2,6,1,1,4,10,1.500000
397,198,199,203,231,60,0,4,24,4,28,0,1,5,33,1.166667
398,199,200,202,216,30,0,2,14,2,14,0,1,3,17,1.000000
399,199,200,205,230,24,2,11,21,5,25,0,1,6,31,1.190476
400,200,201,212,215,34,2,11,3,10,3,1,1,12,15,1.000000
401,200,201,203,210,14,0,1,7,1,7,1,1,3,10,1.000000
402,201,202,208,235,38,1,3,25,5,27,1,1,7,34,1.080000
403,201,202,202,206,24,0,0,2,0,4,0,1,1,5,2.000000
404,202,203,205,249,51,0,2,38,2,44,0,1,3,47,1.157895
405,202,203,211,212,67,2,21,1,8,1,0,1,9,10,1.000000
406,203,204,205,220,19,1,3,14,1,14,1,1,2,17,1.000000
407,203,204,213,236,67,1,10,15,8,21,3,1,10,33,1.400000
408,204,205,214,243,10,1,12,24,9,28,1,1,10,39,1.166667
409,204,205,213,244,39,0,8,31,8,31,0,1,9,40,1.000000
410,205,206,211,238,31,1,9,25,4,27,1,1,6,33,1.080000
411,205,206,206,239,20,0,0,29,0,29,4,1,1,34,1.000000
412,206,207,207,223,15,0,0,14,0,16,0,1,1,17,1.142857
413,206,207,211,250,56,1,4,37,4,39,0,1,5,44,1.054054
414,207,208,209,224,56,0,1,14,1,14,1,1,2,17,1.000000
415,207,208,210,232,10,0,2,22,2,22,0,1,3,25,1.000000
416,208,209,211,239,49,0,2,27,2,27,1,1,3,31,1.000000
417,208,209,210,219,6,0,1,9,1,9,0,1,2,11,1.000000
418,209,210,211,245,71,0,1,34,1,34,0,1,2,36,1.000000
419,209,210,220,242,79,1,10,22,10,22,0,1,11,33,1.000000
420,210,211,216,252,9,0,4,30,4,36,1,1,6,42,1.200000
421,210,211,211,244,75,0,0,33,0,33,0,1,1,34,1.000000
422,211,212,219,246,77,0,7,15,7,27,0,1,8,35,1.800000
423,211,212,214,233,54,0,2,15,2,19,0,1,3,22,1.266667
424,212,213,217,251,76,0,4,32,4,34,0,1,5,39,1.062500
425,212,213,217,219,45,1,3,2,3,2,1,1,5,7,1.000000
426,213,214,215,228,64,0,1,13,1,13,0,1,2,15,1.000000
427,213,214,216,225,44,0,2,8,2,8,1,1,3,12,1.000000
428,214,215,218,256,46,0,1,35,3,37,1,1,4,42,1.057143
429,214,215,217,248,53,1,2,27,2,31,0,1,3,34,1.148148
430,215,216,222,244,28,0,4,22,6,22,0,1,7,29,1.000000
431,215,216,217,236,59,0,1,17,1,19,0,1,2,21,1.117647
432,216,217,217,226,35,0,0,9,0,9,0,1,1,10,1.000000
433,216,217,218,227,53,0,1,7,1,9,0,1,2,11,1.285714
434,217,218,218,225,73,0,0,7,0,7,0,1,1,8,1.000000
435,217,218,222,234,70,0,4,11,4,11,1,1,5,17,1.000000
436,218,219,222,244,8,0,3,17,3,21,1,1,4,26,1.235294
437,218,219,221,227,50,0,2,6,2,6,0,1,3,9,1.000000
438,219,220,222,242,31,0,2,20,2,20,0,1,3,23,1.000000
439,219,220,221,239,61,0,1,14,1,18,0,1,2,20,1.285714
440,220,221,223,234,38,0,2,11,2,11,0,1,3,14,1.000000
441,220,221,223,226,27,0,2,3,2,3,0,1,3,6,1.000000
442,221,222,224,252,18,0,2,21,2,27,1,1,3,31,1.285714
443,221,222,222,260,1,0,0,36,0,38,0,1,1,39,1.055556
444,222,223,231,246,0,0,8,13,8,13,2,1,9,24,1.000000
445,222,223,227,243,48,2,1,16,4,16,0,1,5,21,1.000000
446,223,224,230,243,43,0,6,13,6,13,0,1,7,20,1.000000
447,223,224,224,227,12,0,0,2,0,2,1,1,1,4,1.000000
448,224,225,225,258,15,0,0,29,0,33,0,1,1,34,1.137931
449,224,225,227,253,55,0,2,26,2,26,0,1,3,29,1.000000
450,225,226,227,251,69,0,1,22,1,24,0,1,2,26,1.090909
451,225,226,230,243,32,0,4,13,4,13,0,1,5,18,1.000000
452,226,227,228,254,2,0,1,24,1,26,0,1,2,28,1.083333
453,226,227,228,229,45,1,6,1,1,1,0,1,2,3,1.000000
454,227,228,228,241,12,0,0,13,0,13,0,1,1,14,1.000000
455,227,228,230,234,45,0,2,4,2,4,0,1,3,7,1.000000
456,228,229,236,257,48,1,11,19,7,21,0,1,8,29,1.105263
457,228,229,244,272,62,3,13,22,15,28,0,1,16,44,1.272727
458,229,230,232,253,3,0,2,21,2,21,0,1,3,24,1.000000
459,229,230,235,258,53,0,5,19,5,23,0,1,6,29,1.210526
460,230,231,238,248,48,0,7,6,7,10,0,1,8,18,1.666667
461,230,231,240,257,22,2,5,13,9,17,0,1,10,27,1.307692
462,231,232,237,259,22,1,4,22,3,22,2,1,6,28,1.000000
463,231,232,234,266,23,0,2,32,2,32,0,1,3,35,1.000000
464,232,233,236,258,29,1,7,17,3,21,1,1,4,26,1.235294
465,232,233,234,258,64,0,1,22,1,24,0,1,2,26,1.090909
466,233,234,234,253,72,0,0,19,0,19,0,1,1,20,1.000000
467,233,234,238,257,57,0,4,12,4,18,1,1,5,24,1.500000
468,234,235,240,252,45,0,5,11,5,11,1,1,6,18,1.000000
469,234,235,236,278,11,0,1,38,1,42,0,1,2,44,1.105263
470,235,236,237,266,47,0,1,23,1,29,0,1,2,31,1.260870
471,235,236,236,248,29,0,0,12,0,12,0,1,1,13,1.000000
472,236,237,242,264,52,0,5,17,5,19,3,1,6,28,1.117647
473,236,237,239,255,56,0,2,16,2,16,0,1,3,19,1.000000
474,237,238,241,259,6,1,4,16,3,16,2,1,4,22,1.000000
475,237,238,243,270,26,0,5,27,5,27,0,1,6,33,1.000000
476,238,239,241,269,66,0,2,28,2,28,0,1,3,31,1.000000
477,238,239,239,245,17,0,0,5,0,5,1,1,1,7,1.000000
478,239,240,245,246,19,2,5,1,5,1,0,1,6,7,1.000000
479,239,240,245,265,40,0,5,18,5,20,0,1,6,26,1.111111
480,240,241,244,275,19,0,3,31,3,31,0,1,4,35,1.000000
481,240,241,243,265,41,0,2,17,2,21,1,1,3,25,1.235294
482,241,242,251,272,6,1,6,17,9,21,0,1,10,31,1.235294
483,241,242,244,248,4,0,2,4,2,4,0,1,3,7,1.000000
484,242,243,244,253,37,0,1,9,1,9,0,1,2,11,1.000000
485,242,243,248,262,58,0,5,13,5,13,1,1,6,20,1.000000
486,243,244,252,291,16,0,8,25,8,39,0,1,9,48,1.560000
487,243,244,248,271,43,0,2,18,4,22,1,1,5,28,1.222222
488,244,245,250,259,31,0,4,6,4,8,2,1,6,15,1.333333
489,244,245,247,278,63,0,2,23,2,31,0,1,3,34,1.347826
490,245,246,249,283,24,0,3,28,3,34,0,1,4,38,1.214286
491,245,246,246,258,49,0,0,11,0,11,1,1,1,13,1.000000
492,246,247,248,273,8,0,1,25,1,25,0,1,2,27,1.000000
493,246,247,250,277,6,0,3,27,3,27,0,1,4,31,1.000000
494,247,248,250,289,0,0,2,22,2,38,1,1,3,42,1.727273
495,247,248,254,276,27,1,6,22,5,22,1,1,7,29,1.000000
496,248,249,253,275,28,0,4,18,4,22,0,1,5,27,1.222222
497,248,249,249,273,25,0,0,20,0,24,0,1,1,25,1.200000
498,249,250,251,286,33,0,1,31,1,35,0,1,2,37,1.129032
499,249,250,254,263,30,1,2,9,4,9,0,1,5,14,1.000000
